Timestamp,"At the first birth, preference towards the gender of an expected child in the society","At first birth, preference towards the gender of an expected child in the society (Also choose the intensity within your answer on a linear scale 1-5, low to high) [Moderate preference to a MALE child]","At first birth, preference towards the gender of an expected child in the society (Also choose the intensity within your answer on a linear scale 1-5, low to high) [NO gender preference]","At first birth, preference towards the gender of an expected child in the society (Also choose the intensity within your answer on a linear scale 1-5, low to high) [Moderate preference to a FEMALE child]","At first birth, preference towards the gender of an expected child in the society (Also choose the intensity within your answer on a linear scale 1-5, low to high) [High preference to a FEMALE child]",If the first child is a BOY then the desire for the next child,If the first child is a BOY then the desire for the next child [Medium],If the first child is a BOY then the desire for the next child [low],If the first child is a BOY then the desire for the next child [NOT Interested],If the first child is a GIRL then the desire for the next child,If first child is a GIRL then the desire for the next child [Medium],If first child is a GIRL then the desire for the next child [low],If first child is a GIRL then the desire for the next child [NOT Interested],"At the second birth, preference towards the gender of an expected child in the society if the firstborn baby is BOY","At the second birth, preference towards the gender of an expected child in the society if the firstborn baby is BOY [Moderate preference to a MALE child]","At the second birth, preference towards the gender of an expected child in the society if the firstborn baby is BOY [NO gender preference]","At the second birth, preference towards the gender of an expected child in the society if the firstborn baby is BOY [Moderate preference to a FEMALE child]","At the second birth, preference towards the gender of an expected child in the society if the firstborn baby is BOY [High preference to a FEMALE child]","At the second birth, preference towards the gender of an expected child in the society if the firstborn baby is GIRL","At second birth, preference towards the gender of a expected child in the society if first born baby is GIRL [Moderate preference to a MALE child]","At second birth, preference towards the gender of a expected child in the society if first born baby is GIRL [NO gender preference]","At second birth, preference towards the gender of a expected child in the society if first born baby is GIRL [Moderate preference to a FEMALE child]","At second birth, preference towards the gender of a expected child in the society if first born baby is GIRL [High preference to a FEMALE child]","If in the first two births, both are BOYS then the desire for the next child","If in the first two birth, both are BOY then the desire for the next child [Medium]","If in the first two birth, both are BOY then the desire for the next child [low]","If in the first two birth, both are BOY then the desire for the next child [NOT Interested]","If in the first two births, both are GIRLS then the desire for the next child","If in the first two birth, both are GIRL then the desire for the next child [Medium]","If in the first two birth, both are GIRL then the desire for the next child [low]","If in the first two birth, both are GIRL then the desire for the next child [NOT Interested]","If in the first two births, one GIRL and one BOY then the desire for the next child","If in the first two birth, one GIRL and one BOY then the desire for the next child [Medium]","If in the first two birth, one GIRL and one BOY then the desire for the next child [low]","If in the first two birth, one GIRL and one BOY then the desire for the next child [NOT Interested]","At third birth, preference towards the gender of an expected child in the society if both born baby is GIRL","At third birth, preference towards the gender of a expected child in the society if both born baby is GIRL [Moderate preference to a MALE child]","At third birth, preference towards the gender of a expected child in the society if both born baby is GIRL [NO gender preference]","At third birth, preference towards the gender of a expected child in the society if both born baby is GIRL [Moderate preference to a FEMALE child]","At third birth, preference towards the gender of a expected child in the society if both born baby is GIRL [High preference to a FEMALE child]",Please mention your age in years,Please write the pin code number of the area where you mostly lived,Please select your gender,Email Address
10/3/2020 12:22:37,5,5,1,2,1,4,3,1,1,5,3,1,1,1,2,5,5,1,5,3,1,1,1,1,1,4,5,3,5,3,1,1,1,5,5,5,3,1,1,1,22,831001,Female,
10/3/2020 12:22:47,4,1,2,1,1,3,2,3,5,5,4,2,2,2,2,1,4,4,4,4,2,2,1,1,1,5,5,3,3,2,1,1,1,4,5,5,5,3,2,1,22,221001,Female,
10/3/2020 12:23:53,3,3,5,5,5,1,3,5,5,1,3,5,5,1,1,5,4,4,1,2,5,3,3,1,1,5,5,1,1,5,5,1,1,5,5,1,1,5,1,1,21,522006,Female,
10/3/2020 12:24:22,5,3,1,2,1,3,2,2,1,5,4,1,1,5,5,3,3,1,5,5,1,1,1,3,2,2,2,5,5,3,2,4,4,2,2,5,5,1,1,1,23,110077,Female,
10/3/2020 12:28:23,5,4,3,3,2,3,3,2,2,5,4,2,2,4,3,2,2,2,4,3,2,2,2,1,2,4,4,3,2,4,3,2,2,4,4,4,4,2,2,2,22,700059,Male,
10/3/2020 12:28:27,1,3,4,2,2,2,2,4,4,4,2,2,1,3,3,3,4,3,4,3,1,1,1,1,1,4,4,4,4,1,1,1,2,4,4,4,3,1,1,1,24,277202,Male,
10/3/2020 12:28:34,4,2,1,2,2,5,1,1,1,5,1,1,1,1,2,1,3,5,1,2,1,3,5,1,2,5,5,2,2,5,5,1,2,2,1,5,1,1,1,1,22,845438,Male,
10/3/2020 12:28:34,1,1,1,5,5,5,5,1,1,4,4,1,1,1,2,1,4,5,4,3,5,2,4,4,3,5,5,1,1,5,5,1,1,5,5,5,4,1,1,1,21,226002,Male,
10/3/2020 12:31:07,2,2,4,2,1,1,2,4,4,1,2,4,4,1,1,4,2,2,2,2,4,2,1,1,1,4,4,1,2,3,3,1,1,3,4,1,2,4,2,1,23,700075,Male,
10/3/2020 12:31:35,1,1,5,1,1,1,5,1,2,1,5,1,2,1,1,5,1,1,1,1,5,1,1,1,1,2,5,1,1,2,5,1,1,2,5,1,1,5,5,1,22,228141,Male,
10/3/2020 12:31:37,3,4,2,2,3,5,5,1,1,5,5,1,1,3,4,1,3,4,5,5,1,1,1,1,1,5,5,3,4,5,3,1,1,5,5,5,5,3,1,1,22,273010,Female,
10/3/2020 12:31:55,4,2,2,2,1,4,4,4,2,5,5,5,1,3,3,1,4,4,4,5,2,4,4,3,2,1,4,5,4,4,1,3,1,1,4,4,4,1,1,2,21,272126,Male,
10/3/2020 12:32:38,1,1,5,1,1,1,1,1,1,1,1,1,1,1,1,5,1,1,1,1,5,1,1,1,1,1,1,1,1,1,1,1,1,1,1,1,1,5,1,1,23,721607,Male,
10/3/2020 12:33:11,3,2,2,1,2,2,3,2,1,3,2,2,1,3,2,2,2,3,3,3,2,2,3,2,2,3,2,2,2,3,3,2,2,3,3,3,3,1,1,1,19,226017,Female,
10/3/2020 12:33:29,1,1,1,1,1,2,1,1,1,2,1,1,1,1,1,3,1,1,1,1,3,1,1,3,2,2,2,2,1,2,1,2,2,2,1,2,2,3,1,2,24,796001,Male,
10/3/2020 12:34:05,4,4,5,4,3,4,3,2,3,4,3,3,2,3,4,5,4,4,5,4,4,3,3,1,1,2,5,3,2,2,5,1,2,5,5,3,3,2,2,2,22,520010,Female,
10/3/2020 12:36:14,1,1,5,1,1,3,2,3,2,3,2,3,2,1,1,1,3,5,5,3,1,1,1,1,3,5,5,1,3,5,5,1,1,1,1,5,4,1,1,1,22,201002,Male,
10/3/2020 12:40:55,5,3,1,2,1,2,3,5,2,5,5,4,1,3,3,4,3,2,5,4,1,3,2,3,2,2,4,5,5,4,1,1,2,3,5,5,5,1,1,1,22,465447,Male,
10/3/2020 12:40:56,5,3,1,2,1,2,3,5,2,5,5,4,1,3,3,4,3,2,5,4,1,3,2,3,2,2,4,5,5,4,1,1,2,3,5,5,5,1,1,1,23,470335,Female,
10/3/2020 12:44:51,1,3,4,2,1,2,3,1,1,3,4,2,1,1,2,4,4,3,4,5,1,2,1,1,3,2,4,4,5,2,2,1,2,5,4,5,5,1,2,1,23,221001,Female,
10/3/2020 12:48:24,3,3,5,3,3,3,3,2,4,3,3,3,3,3,3,5,3,3,3,3,5,3,3,1,1,1,1,1,1,1,1,1,1,1,1,1,1,1,1,1,21,274001,Male,
10/3/2020 12:49:40,1,1,1,1,1,1,3,4,5,5,4,3,1,4,3,3,1,2,5,3,4,1,1,1,2,4,5,5,3,2,1,3,2,3,3,5,3,4,2,3,23,262724,Male,
10/3/2020 13:56:31,5,4,2,2,1,4,5,2,1,5,5,4,1,4,4,3,4,3,5,5,2,1,1,1,1,3,5,5,5,5,5,1,1,4,3,5,5,1,1,1,21,800016,Male,
10/3/2020 14:10:28,4,4,3,3,2,2,3,2,3,4,4,1,2,1,2,3,4,5,4,3,2,3,2,1,2,4,4,4,2,4,3,1,1,4,4,5,4,1,1,1,22,302002,Male,
10/3/2020 15:08:54,2,3,3,3,3,4,4,4,4,4,4,4,4,4,4,4,4,4,4,4,4,4,4,4,4,4,4,4,4,4,4,4,4,4,4,4,4,4,4,4,25,221005,Male,
10/3/2020 15:11:36,2,3,1,5,4,5,1,1,1,1,5,5,5,1,1,1,1,5,5,1,1,1,1,1,1,1,1,1,1,1,1,1,1,1,1,5,1,1,1,1,21,400604,Male,
10/3/2020 15:52:16,Very high preference to a MALE child,,,,,High,,,,Very high,,,,Moderate preference to a FEMALE child,,,,,High preference to a MALE child,,,,,Low,,,,High,,,,Medium,,,,No gender preference,,,,,25,221005,Male,
10/3/2020 16:02:18,NO gender preference,,,,,Medium,,,,Very high,,,,No gender preference,,,,,Very high preference to a MALE child,,,,,Low,,,,Very High,,,,Very Low,,,,Very high preference to a MALE child,,,,,21,221002,Female,
10/3/2020 16:16:22,NO gender preference,,,,,NOT interested,,,,Medium,,,,No gender preference,,,,,No gender preference,,,,,NOT interested,,,,NOT interested,,,,Low,,,,No gender preference,,,,,23,721607,Male,
10/3/2020 16:16:57,NO gender preference,,,,,Very low,,,,Very Low,,,,High preference to a FEMALE child,,,,,High preference to a MALE child,,,,,Very Low,,,,Very Low,,,,Medium,,,,Very high preference to a MALE child,,,,,23,711101,Male,
10/3/2020 16:18:01,Moderate preference to a MALE child,,,,,Very low,,,,Low,,,,Very high preference to a FEMALE child,,,,,Very high preference to a MALE child,,,,,Very Low,,,,Very Low,,,,NOT interested,,,,Very high preference to a MALE child,,,,,20,284204,Male,
10/3/2020 16:19:57,Moderate preference to a MALE child,,,,,Low,,,,High,,,,No gender preference,,,,,High preference to a MALE child,,,,,Very Low,,,,Medium,,,,Very Low,,,,High preference to a MALE child,,,,,22,734005,Female,
10/3/2020 16:21:14,High preference to a MALE child,,,,,High,,,,Very high,,,,High preference to a FEMALE child,,,,,High preference to a MALE child,,,,,Medium,,,,High,,,,Low,,,,Moderate preference to a MALE child,,,,,22,281001,Male,
10/3/2020 16:22:05,High preference to a MALE child,,,,,Medium,,,,High,,,,Moderate preference to a FEMALE child,,,,,High preference to a MALE child,,,,,Low,,,,High,,,,Medium,,,,High preference to a MALE child,,,,,23,712249,Male,
10/3/2020 16:22:23,High preference to a MALE child,,,,,Medium,,,,High,,,,Moderate preference to a FEMALE child,,,,,High preference to a MALE child,,,,,Low,,,,Very High,,,,Very Low,,,,Moderate preference to a MALE child,,,,,24,712249,Male,
10/3/2020 16:23:29,High preference to a MALE child,,,,,Low,,,,High,,,,No gender preference,,,,,High preference to a MALE child,,,,,Very Low,,,,Medium,,,,Very Low,,,,Very high preference to a MALE child,,,,,22,712246,Male,
10/3/2020 16:23:36,NO gender preference,,,,,Medium,,,,Medium,,,,No gender preference,,,,,No gender preference,,,,,Medium,,,,Medium,,,,Very Low,,,,No gender preference,,,,,19,800023,Male,
10/3/2020 16:24:09,Moderate preference to a MALE child,,,,,Medium,,,,Very high,,,,Moderate preference to a FEMALE child,,,,,Very high preference to a MALE child,,,,,High,,,,High,,,,Very High,,,,Very high preference to a MALE child,,,,,25,222180,Male,
10/3/2020 16:24:36,Moderate preference to a FEMALE child,,,,,Low,,,,Medium,,,,Moderate preference to a FEMALE child,,,,,Moderate preference to a MALE child,,,,,Very Low,,,,Very Low,,,,Very Low,,,,No gender preference,,,,,19,400002,Male,
10/3/2020 16:26:49,High preference to a MALE child,,,,,Medium,,,,High,,,,High preference to a FEMALE child,,,,,High preference to a MALE child,,,,,Very Low,,,,Low,,,,Very Low,,,,Very high preference to a MALE child,,,,,21,121003,Male,
10/3/2020 16:30:10,Moderate preference to a MALE child,,,,,Medium,,,,High,,,,No gender preference,,,,,High preference to a MALE child,,,,,NOT interested,,,,NOT interested,,,,NOT interested,,,,Very high preference to a MALE child,,,,,22,700002,Male,
10/3/2020 16:33:12,Moderate preference to a MALE child,,,,,Medium,,,,Very high,,,,No gender preference,,,,,Very high preference to a MALE child,,,,,Very Low,,,,Very High,,,,Very Low,,,,Very high preference to a MALE child,,,,,22,221011,Female,
10/3/2020 16:36:48,NO gender preference,,,,,Very low,,,,NOT interested,,,,Very high preference to a MALE child,,,,,No gender preference,,,,,Very Low,,,,NOT interested,,,,NOT interested,,,,No gender preference,,,,,24,743357,,
10/3/2020 16:37:08,High preference to a MALE child,,,,,Medium,,,,Very high,,,,High preference to a MALE child,,,,,Very high preference to a MALE child,,,,,Medium,,,,Very High,,,,Low,,,,Very high preference to a MALE child,,,,,23,835207,Female,
10/3/2020 16:38:19,NO gender preference,,,,,High,,,,High,,,,High preference to a FEMALE child,,,,,High preference to a MALE child,,,,,High,,,,High,,,,NOT interested,,,,Moderate preference to a MALE child,,,,,22,743263,Female,
10/3/2020 16:39:35,Moderate preference to a MALE child,,,,,Medium,,,,High,,,,Moderate preference to a FEMALE child,,,,,High preference to a MALE child,,,,,Medium,,,,High,,,,Very Low,,,,Very high preference to a MALE child,,,,,21,222139,Male,
10/3/2020 16:40:24,Moderate preference to a MALE child,,,,,High,,,,High,,,,No gender preference,,,,,High preference to a MALE child,,,,,Very Low,,,,Low,,,,Very Low,,,,Moderate preference to a MALE child,,,,,221002,,Male,
10/3/2020 16:46:41,High preference to a MALE child,,,,,Medium,,,,Very high,,,,Moderate preference to a MALE child,,,,,High preference to a MALE child,,,,,Low,,,,Very High,,,,Low,,,,High preference to a MALE child,,,,,25,823001,Female,
10/3/2020 16:54:23,High preference to a FEMALE child,,,,,Medium,,,,Very high,,,,No gender preference,,,,,Very high preference to a MALE child,,,,,Very Low,,,,Very High,,,,Very Low,,,,Very high preference to a MALE child,,,,,21,262908,Male,
10/3/2020 16:58:08,High preference to a MALE child,,,,,Medium,,,,Very high,,,,No gender preference,,,,,Very high preference to a MALE child,,,,,NOT interested,,,,High,,,,NOT interested,,,,Very high preference to a MALE child,,,,,23,221005,Female,
10/3/2020 16:58:25,Very high preference to a MALE child,,,,,Medium,,,,Very high,,,,No gender preference,,,,,Very high preference to a MALE child,,,,,Very Low,,,,Very High,,,,Very Low,,,,Very high preference to a MALE child,,,,,21,262908,Male,
10/3/2020 16:58:52,Moderate preference to a MALE child,,,,,Very low,,,,Medium,,,,No gender preference,,,,,High preference to a MALE child,,,,,Very Low,,,,Medium,,,,Very Low,,,,High preference to a MALE child,,,,,23,700075,Male,
10/3/2020 17:00:51,NO gender preference,,,,,NOT interested,,,,NOT interested,,,,Very high preference to a MALE child,,,,,Very high preference to a MALE child,,,,,NOT interested,,,,Very High,,,,NOT interested,,,,Very high preference to a MALE child,,,,,21,228001,Female,
10/3/2020 17:02:16,Very high preference to a MALE child,,,,,Medium,,,,High,,,,No gender preference,,,,,Very high preference to a MALE child,,,,,Low,,,,High,,,,Low,,,,Very high preference to a MALE child,,,,,21,522006,Female,
10/3/2020 17:02:36,Moderate preference to a MALE child,,,,,Low,,,,High,,,,Moderate preference to a FEMALE child,,,,,High preference to a MALE child,,,,,NOT interested,,,,Medium,,,,Very Low,,,,Moderate preference to a MALE child,,,,,23,228141,Male,
10/3/2020 17:02:57,Moderate preference to a MALE child,,,,,High,,,,Very high,,,,High preference to a FEMALE child,,,,,Very high preference to a MALE child,,,,,Low,,,,Medium,,,,Very Low,,,,Very high preference to a MALE child,,,,,22,700060,Female,
10/3/2020 17:09:09,High preference to a MALE child,,,,,Low,,,,High,,,,Moderate preference to a FEMALE child,,,,,High preference to a MALE child,,,,,Low,,,,High,,,,Low,,,,High preference to a MALE child,,,,,23,221005,Male,
10/3/2020 17:11:06,NO gender preference,,,,,Medium,,,,Very high,,,,Very high preference to a FEMALE child,,,,,Very high preference to a MALE child,,,,,NOT interested,,,,High,,,,Very Low,,,,Very high preference to a MALE child,,,,,24,225306,Male,
10/3/2020 17:15:48,Very high preference to a MALE child,,,,,Medium,,,,Very high,,,,No gender preference,,,,,Very high preference to a MALE child,,,,,Very Low,,,,Medium,,,,NOT interested,,,,Very high preference to a MALE child,,,,,48,160064,Male,
10/3/2020 17:17:20,Very high preference to a MALE child,,,,,Medium,,,,Very high,,,,Moderate preference to a FEMALE child,,,,,Very high preference to a MALE child,,,,,Medium,,,,High,,,,Very Low,,,,Very high preference to a MALE child,,,,,36,228001,Female,
10/3/2020 17:17:21,NO gender preference,,,,,Medium,,,,Medium,,,,Moderate preference to a FEMALE child,,,,,Moderate preference to a MALE child,,,,,Medium,,,,Medium,,,,Low,,,,Moderate preference to a MALE child,,,,,,,Female,
10/3/2020 17:18:06,High preference to a MALE child,,,,,High,,,,Very high,,,,No gender preference,,,,,Very high preference to a MALE child,,,,,Very Low,,,,High,,,,Very Low,,,,Very high preference to a MALE child,,,,,21,534002,Male,
10/3/2020 17:18:31,High preference to a MALE child,,,,,Medium,,,,Very high,,,,Moderate preference to a MALE child,,,,,Very high preference to a MALE child,,,,,Low,,,,High,,,,Low,,,,Very high preference to a MALE child,,,,,21,224230,Male,
10/3/2020 17:18:37,Moderate preference to a MALE child,,,,,Medium,,,,High,,,,Moderate preference to a MALE child,,,,,High preference to a MALE child,,,,,Low,,,,Medium,,,,Medium,,,,Very high preference to a MALE child,,,,,22,700049,Female,
10/3/2020 17:19:40,NO gender preference,,,,,High,,,,High,,,,Moderate preference to a FEMALE child,,,,,Moderate preference to a MALE child,,,,,NOT interested,,,,NOT interested,,,,NOT interested,,,,Very high preference to a MALE child,,,,,21,226001,Male,
10/3/2020 17:22:54,High preference to a MALE child,,,,,High,,,,Very high,,,,No gender preference,,,,,Very high preference to a MALE child,,,,,Medium,,,,Very High,,,,Medium,,,,Very high preference to a MALE child,,,,,20,230121,Male,
10/3/2020 17:26:46,High preference to a MALE child,,,,,Medium,,,,Very high,,,,Moderate preference to a MALE child,,,,,Very high preference to a MALE child,,,,,Low,,,,Low,,,,Medium,,,,Very high preference to a MALE child,,,,,22,770015,Male,
10/3/2020 17:26:50,High preference to a MALE child,,,,,Low,,,,Very high,,,,No gender preference,,,,,High preference to a MALE child,,,,,Very Low,,,,Medium,,,,NOT interested,,,,High preference to a MALE child,,,,,,712249,Female,
10/3/2020 17:28:09,Very high preference to a MALE child,,,,,Medium,,,,Very high,,,,Moderate preference to a MALE child,,,,,Very high preference to a MALE child,,,,,Very Low,,,,High,,,,Low,,,,Very high preference to a MALE child,,,,,23,712246,Male,
10/3/2020 17:28:14,NO gender preference,,,,,Medium,,,,Very high,,,,No gender preference,,,,,High preference to a MALE child,,,,,Low,,,,Very High,,,,Very Low,,,,High preference to a MALE child,,,,,21,221002,Female,
10/3/2020 17:28:21,Very high preference to a MALE child,,,,,Low,,,,Very high,,,,High preference to a FEMALE child,,,,,Very high preference to a MALE child,,,,,Very Low,,,,Medium,,,,Very Low,,,,Very high preference to a MALE child,,,,,21,226001,Male,
10/3/2020 17:29:21,NO gender preference,,,,,Very high,,,,Very high,,,,No gender preference,,,,,No gender preference,,,,,Very high,,,,Very High,,,,Very High,,,,No gender preference,,,,,20,228001,Male,
10/3/2020 17:30:09,Moderate preference to a MALE child,,,,,High,,,,Very high,,,,No gender preference,,,,,Very high preference to a MALE child,,,,,NOT interested,,,,Very High,,,,NOT interested,,,,Very high preference to a MALE child,,,,,2222,221716,Male,
10/3/2020 17:34:28,High preference to a MALE child,,,,,High,,,,High,,,,High preference to a FEMALE child,,,,,Very high preference to a MALE child,,,,,Medium,,,,High,,,,Low,,,,High preference to a MALE child,,,,,22,276138,Male,
10/3/2020 17:36:49,Moderate preference to a MALE child,,,,,NOT interested,,,,NOT interested,,,,No gender preference,,,,,No gender preference,,,,,Very Low,,,,Very Low,,,,Very Low,,,,No gender preference,,,,,22,221005,Male,
10/3/2020 17:37:15,Very high preference to a MALE child,,,,,High,,,,High,,,,High preference to a FEMALE child,,,,,No gender preference,,,,,NOT interested,,,,NOT interested,,,,NOT interested,,,,Very high preference to a MALE child,,,,,23,276121,Male,
10/3/2020 17:37:33,Very high preference to a FEMALE child,,,,,High,,,,Medium,,,,High preference to a FEMALE child,,,,,Moderate preference to a MALE child,,,,,Medium,,,,High,,,,Medium,,,,High preference to a MALE child,,,,,22,834003,Male,
10/3/2020 17:39:45,High preference to a MALE child,,,,,Medium,,,,Very high,,,,High preference to a FEMALE child,,,,,High preference to a MALE child,,,,,NOT interested,,,,Very High,,,,Very Low,,,,Very high preference to a MALE child,,,,,22,821115,Female,
10/3/2020 17:41:15,High preference to a MALE child,,,,,Medium,,,,Very high,,,,Moderate preference to a FEMALE child,,,,,Very high preference to a MALE child,,,,,NOT interested,,,,Very High,,,,NOT interested,,,,Very high preference to a MALE child,,,,,22,273158,Female,
10/3/2020 17:43:46,High preference to a MALE child,,,,,Medium,,,,High,,,,No gender preference,,,,,High preference to a MALE child,,,,,Low,,,,Medium,,,,Very Low,,,,High preference to a MALE child,,,,,22,452002,Male,
10/3/2020 17:45:44,High preference to a MALE child,,,,,High,,,,Very high,,,,Moderate preference to a MALE child,,,,,Very high preference to a MALE child,,,,,Low,,,,High,,,,Medium,,,,Very high preference to a MALE child,,,,,23,229001,Male,
10/3/2020 17:45:58,NO gender preference,,,,,Medium,,,,Medium,,,,High preference to a FEMALE child,,,,,High preference to a MALE child,,,,,NOT interested,,,,Very Low,,,,NOT interested,,,,High preference to a MALE child,,,,,20,221107,Male,
10/3/2020 17:58:27,NO gender preference,,,,,Very high,,,,Very high,,,,Very high preference to a FEMALE child,,,,,Very high preference to a MALE child,,,,,NOT interested,,,,NOT interested,,,,NOT interested,,,,Very high preference to a MALE child,,,,,21,400604,Male,
10/3/2020 17:59:49,Moderate preference to a MALE child,,,,,Medium,,,,Medium,,,,No gender preference,,,,,Moderate preference to a MALE child,,,,,Very Low,,,,Low,,,,Very Low,,,,High preference to a MALE child,,,,,22,221010,Female,
10/3/2020 17:59:59,High preference to a MALE child,,,,,Low,,,,Very high,,,,Moderate preference to a MALE child,,,,,Very high preference to a MALE child,,,,,NOT interested,,,,Very High,,,,Very Low,,,,Very high preference to a MALE child,,,,,22,221005,Female,
10/3/2020 18:01:08,High preference to a MALE child,,,,,Medium,,,,High,,,,No gender preference,,,,,Very high preference to a MALE child,,,,,NOT interested,,,,High,,,,NOT interested,,,,Very high preference to a MALE child,,,,,22,302002,Male,
10/3/2020 18:05:40,Very high preference to a MALE child,,,,,High,,,,Very high,,,,Moderate preference to a MALE child,,,,,Very high preference to a MALE child,,,,,Low,,,,Low,,,,Very Low,,,,High preference to a MALE child,,,,,24,125001,Female,
10/3/2020 18:05:59,NO gender preference,,,,,Low,,,,High,,,,High preference to a FEMALE child,,,,,Very high preference to a MALE child,,,,,Very Low,,,,Very High,,,,Very Low,,,,Very high preference to a MALE child,,,,,22,231217,Female,
10/3/2020 18:14:22,NO gender preference,,,,,Very high,,,,Very high,,,,High preference to a FEMALE child,,,,,High preference to a MALE child,,,,,Medium,,,,Medium,,,,Low,,,,High preference to a MALE child,,,,,22,226005,Male,
10/3/2020 18:16:00,Very high preference to a MALE child,,,,,Low,,,,Very high,,,,High preference to a FEMALE child,,,,,Very high preference to a MALE child,,,,,Very Low,,,,Very High,,,,NOT interested,,,,Very high preference to a MALE child,,,,,52,247001,Male,
10/3/2020 18:22:56,NO gender preference,,,,,Medium,,,,Medium,,,,High preference to a FEMALE child,,,,,High preference to a MALE child,,,,,Low,,,,Low,,,,Very Low,,,,No gender preference,,,,,21,262701,Male,
10/3/2020 18:25:10,NO gender preference,,,,,Medium,,,,Medium,,,,No gender preference,,,,,No gender preference,,,,,NOT interested,,,,NOT interested,,,,NOT interested,,,,No gender preference,,,,,,,Female,
10/3/2020 18:28:01,NO gender preference,,,,,High,,,,High,,,,No gender preference,,,,,No gender preference,,,,,Very Low,,,,Very Low,,,,NOT interested,,,,No gender preference,,,,,23,222002,Female,
10/3/2020 18:28:17,High preference to a MALE child,,,,,Medium,,,,Very high,,,,High preference to a FEMALE child,,,,,Very high preference to a MALE child,,,,,Low,,,,Very High,,,,Very Low,,,,Very high preference to a MALE child,,,,,22,231001,Female,
10/3/2020 18:28:28,High preference to a MALE child,,,,,Medium,,,,Very high,,,,Moderate preference to a FEMALE child,,,,,Very high preference to a MALE child,,,,,Very Low,,,,High,,,,Very Low,,,,Very high preference to a MALE child,,,,,24,845430,Male,
10/3/2020 18:28:56,NO gender preference,,,,,High,,,,Very high,,,,High preference to a FEMALE child,,,,,High preference to a MALE child,,,,,Low,,,,High,,,,NOT interested,,,,Moderate preference to a MALE child,,,,,21,515865,Male,
10/3/2020 18:30:35,Very high preference to a MALE child,,,,,Medium,,,,Very high,,,,No gender preference,,,,,Very high preference to a MALE child,,,,,Very Low,,,,High,,,,NOT interested,,,,Very high preference to a MALE child,,,,,24,221001,Female,
10/3/2020 18:30:52,NO gender preference,,,,,Very low,,,,Very high,,,,No gender preference,,,,,Very high preference to a MALE child,,,,,NOT interested,,,,Very High,,,,Very Low,,,,Very high preference to a MALE child,,,,,21,221010,Female,
10/3/2020 18:34:36,NO gender preference,,,,,Medium,,,,Medium,,,,High preference to a FEMALE child,,,,,Moderate preference to a MALE child,,,,,NOT interested,,,,Medium,,,,NOT interested,,,,No gender preference,,,,,25,226020,Male,
10/3/2020 18:37:25,NO gender preference,,,,,High,,,,High,,,,Very high preference to a FEMALE child,,,,,High preference to a MALE child,,,,,NOT interested,,,,NOT interested,,,,NOT interested,,,,Moderate preference to a MALE child,,,,,22,262902,Male,
10/3/2020 18:40:42,Very high preference to a MALE child,,,,,Medium,,,,Very high,,,,Moderate preference to a MALE child,,,,,Very high preference to a MALE child,,,,,Very Low,,,,High,,,,Very Low,,,,Very high preference to a MALE child,,,,,23,224001,Male,
10/3/2020 18:41:04,Moderate preference to a MALE child,,,,,Medium,,,,Very high,,,,No gender preference,,,,,Very high preference to a MALE child,,,,,Very Low,,,,High,,,,Very Low,,,,Very high preference to a MALE child,,,,,22,,Female,
10/3/2020 18:53:59,NO gender preference,,,,,NOT interested,,,,NOT interested,,,,No gender preference,,,,,No gender preference,,,,,NOT interested,,,,NOT interested,,,,NOT interested,,,,No gender preference,,,,,21,191171,Male,
10/3/2020 18:54:35,NO gender preference,,,,,NOT interested,,,,NOT interested,,,,No gender preference,,,,,No gender preference,,,,,NOT interested,,,,NOT interested,,,,NOT interested,,,,No gender preference,,,,,,,,
10/3/2020 18:56:01,Very high preference to a MALE child,,,,,Medium,,,,Very high,,,,Very high preference to a MALE child,,,,,High preference to a MALE child,,,,,Medium,,,,Very High,,,,Low,,,,No gender preference,,,,,18,262701,Male,
10/3/2020 18:57:43,Very high preference to a MALE child,,,,,Medium,,,,Very high,,,,Moderate preference to a MALE child,,,,,Very high preference to a MALE child,,,,,Low,,,,Very High,,,,Very Low,,,,Very high preference to a MALE child,,,,,22,110058,Male,
10/3/2020 18:59:24,NO gender preference,,,,,Low,,,,Low,,,,No gender preference,,,,,No gender preference,,,,,NOT interested,,,,NOT interested,,,,NOT interested,,,,No gender preference,,,,,22,712222,Male,
10/3/2020 18:59:48,Very high preference to a MALE child,,,,,High,,,,Very high,,,,High preference to a MALE child,,,,,Very high preference to a MALE child,,,,,Low,,,,High,,,,Low,,,,Very high preference to a MALE child,,,,,21,211002,Female,
10/3/2020 19:02:51,High preference to a MALE child,,,,,Medium,,,,Very high,,,,No gender preference,,,,,Very high preference to a MALE child,,,,,Low,,,,High,,,,Low,,,,Very high preference to a MALE child,,,,,21,261141,Female,
10/3/2020 19:03:32,Very high preference to a MALE child,,,,,High,,,,Very high,,,,Moderate preference to a MALE child,,,,,Very high preference to a MALE child,,,,,Low,,,,High,,,,Very Low,,,,Very high preference to a MALE child,,,,,21,211002,Female,
10/3/2020 19:04:37,High preference to a MALE child,,,,,Low,,,,Medium,,,,Moderate preference to a FEMALE child,,,,,Very high preference to a MALE child,,,,,Very Low,,,,High,,,,Very Low,,,,Very high preference to a MALE child,,,,,23,221005,Female,
10/3/2020 19:08:58,High preference to a MALE child,,,,,Medium,,,,Very high,,,,No gender preference,,,,,Very high preference to a MALE child,,,,,Very Low,,,,Very High,,,,NOT interested,,,,Very high preference to a MALE child,,,,,22,302006,Female,
10/3/2020 19:09:06,High preference to a MALE child,,,,,Medium,,,,Very high,,,,Moderate preference to a FEMALE child,,,,,Very high preference to a MALE child,,,,,Very Low,,,,Very High,,,,NOT interested,,,,Very high preference to a MALE child,,,,,22,465447,Male,
10/3/2020 19:09:07,High preference to a MALE child,,,,,Medium,,,,Very high,,,,Moderate preference to a FEMALE child,,,,,Very high preference to a MALE child,,,,,Very Low,,,,Very High,,,,NOT interested,,,,Very high preference to a MALE child,,,,,24,470335,Female,
10/3/2020 19:16:42,Very high preference to a MALE child,,,,,Low,,,,Very high,,,,Moderate preference to a FEMALE child,,,,,Very high preference to a MALE child,,,,,Low,,,,Very High,,,,NOT interested,,,,Very high preference to a MALE child,,,,,36,712249,Male,
10/3/2020 19:19:19,Very high preference to a MALE child,,,,,Medium,,,,Very high,,,,No gender preference,,,,,Very high preference to a MALE child,,,,,Very Low,,,,High,,,,Very Low,,,,Very high preference to a MALE child,,,,,20,226011,Female,
10/3/2020 19:21:15,Moderate preference to a MALE child,,,,,Medium,,,,High,,,,Moderate preference to a FEMALE child,,,,,High preference to a MALE child,,,,,Low,,,,High,,,,Low,,,,High preference to a MALE child,,,,,21,284403,Female,
10/3/2020 19:34:19,Moderate preference to a MALE child,,,,,High,,,,Very high,,,,Moderate preference to a FEMALE child,,,,,Very high preference to a MALE child,,,,,Very Low,,,,High,,,,Very Low,,,,Very high preference to a MALE child,,,,,21,225001,Female,
10/3/2020 19:35:54,Moderate preference to a FEMALE child,,,,,High,,,,Medium,,,,Very high preference to a FEMALE child,,,,,Very high preference to a MALE child,,,,,Medium,,,,Very Low,,,,Low,,,,Very high preference to a MALE child,,,,,20,802101,Female,
10/3/2020 20:16:21,High preference to a MALE child,,,,,Medium,,,,Very high,,,,Moderate preference to a FEMALE child,,,,,Very high preference to a MALE child,,,,,Very Low,,,,Very High,,,,NOT interested,,,,Very high preference to a MALE child,,,,,22,821115,Female,
10/3/2020 20:21:40,Moderate preference to a FEMALE child,,,,,Medium,,,,High,,,,No gender preference,,,,,High preference to a MALE child,,,,,NOT interested,,,,Very Low,,,,NOT interested,,,,Very high preference to a MALE child,,,,,21,226001,Male,
10/3/2020 20:26:13,Very high preference to a MALE child,,,,,Medium,,,,Very high,,,,Moderate preference to a FEMALE child,,,,,Very high preference to a MALE child,,,,,Low,,,,Very High,,,,Low,,,,Very high preference to a MALE child,,,,,21,262724,Female,
10/3/2020 20:27:27,High preference to a MALE child,,,,,NOT interested,,,,Medium,,,,No gender preference,,,,,High preference to a MALE child,,,,,NOT interested,,,,NOT interested,,,,NOT interested,,,,High preference to a MALE child,,,,,23,110037,Female,
10/3/2020 20:36:49,High preference to a MALE child,,,,,Medium,,,,Medium,,,,Moderate preference to a MALE child,,,,,Moderate preference to a MALE child,,,,,Medium,,,,Medium,,,,High,,,,Moderate preference to a MALE child,,,,,5,5,Male,
10/3/2020 20:39:00,NO gender preference,,,,,Medium,,,,Medium,,,,No gender preference,,,,,No gender preference,,,,,Medium,,,,Medium,,,,Medium,,,,No gender preference,,,,,0,0,Female,
10/3/2020 20:58:54,NO gender preference,,,,,NOT interested,,,,Very Low,,,,No gender preference,,,,,No gender preference,,,,,Very Low,,,,Very Low,,,,Very Low,,,,No gender preference,,,,,21,700093,Male,
10/3/2020 21:00:15,NO gender preference,,,,,Medium,,,,Very high,,,,Moderate preference to a FEMALE child,,,,,Moderate preference to a MALE child,,,,,Low,,,,Medium,,,,Very Low,,,,High preference to a FEMALE child,,,,,18,252627,Female,
10/3/2020 21:11:12,Very high preference to a MALE child,,,,,High,,,,Very high,,,,Very high preference to a FEMALE child,,,,,Very high preference to a MALE child,,,,,Very Low,,,,High,,,,NOT interested,,,,Very high preference to a MALE child,,,,,,,Female,
10/3/2020 21:13:07,High preference to a MALE child,,,,,Medium,,,,Very high,,,,No gender preference,,,,,Very high preference to a MALE child,,,,,Very Low,,,,High,,,,NOT interested,,,,Very high preference to a MALE child,,,,,22,231217,Female,
10/3/2020 21:18:28,Moderate preference to a MALE child,,,,,Low,,,,High,,,,Very high preference to a FEMALE child,,,,,Very high preference to a MALE child,,,,,NOT interested,,,,High,,,,NOT interested,,,,Very high preference to a MALE child,,,,,22,465447,Female,
10/3/2020 21:27:01,NO gender preference,,,,,Medium,,,,Medium,,,,High preference to a FEMALE child,,,,,High preference to a FEMALE child,,,,,NOT interested,,,,NOT interested,,,,NOT interested,,,,High preference to a MALE child,,,,,23,832108,Male,
10/3/2020 21:29:14,NO gender preference,,,,,High,,,,Medium,,,,No gender preference,,,,,Moderate preference to a MALE child,,,,,Medium,,,,Medium,,,,NOT interested,,,,No gender preference,,,,,23,271207,Male,
10/3/2020 21:31:09,NO gender preference,,,,,High,,,,Very high,,,,High preference to a FEMALE child,,,,,Very high preference to a MALE child,,,,,Very Low,,,,Very High,,,,NOT interested,,,,Very high preference to a MALE child,,,,,23,262724,Male,
10/3/2020 21:35:47,Moderate preference to a MALE child,,,,,Medium,,,,Medium,,,,High preference to a FEMALE child,,,,,High preference to a MALE child,,,,,NOT interested,,,,Low,,,,NOT interested,,,,Very high preference to a MALE child,,,,,38,700039,Male,
10/3/2020 21:47:29,NO gender preference,,,,,NOT interested,,,,NOT interested,,,,Very high preference to a FEMALE child,,,,,Very high preference to a MALE child,,,,,NOT interested,,,,NOT interested,,,,NOT interested,,,,Very high preference to a MALE child,,,,,24,721607,Female,
10/3/2020 21:57:38,High preference to a MALE child,,,,,Medium,,,,Very high,,,,Very high preference to a MALE child,,,,,Moderate preference to a FEMALE child,,,,,Very Low,,,,Medium,,,,Medium,,,,Very high preference to a MALE child,,,,,23,721607,Female,
10/3/2020 22:04:27,Very high preference to a MALE child,,,,,High,,,,Very high,,,,High preference to a FEMALE child,,,,,Very high preference to a MALE child,,,,,Low,,,,Very High,,,,Very Low,,,,Very high preference to a MALE child,,,,,21.5,272126,Male,
10/3/2020 22:05:13,Very high preference to a MALE child,,,,,Medium,,,,Very high,,,,No gender preference,,,,,Very high preference to a MALE child,,,,,Very Low,,,,High,,,,Very Low,,,,Very high preference to a MALE child,,,,,22,275101,Female,
10/3/2020 22:08:39,NO gender preference,,,,,NOT interested,,,,NOT interested,,,,No gender preference,,,,,Moderate preference to a MALE child,,,,,Medium,,,,High,,,,Low,,,,Moderate preference to a MALE child,,,,,23,831001,Female,
10/3/2020 22:17:51,High preference to a MALE child,,,,,Medium,,,,Very high,,,,No gender preference,,,,,Very high preference to a MALE child,,,,,Low,,,,Very High,,,,Low,,,,Very high preference to a MALE child,,,,,22,821115,Female,
10/3/2020 22:30:49,High preference to a MALE child,,,,,Low,,,,High,,,,Moderate preference to a MALE child,,,,,Very high preference to a MALE child,,,,,NOT interested,,,,High,,,,NOT interested,,,,Very high preference to a MALE child,,,,,26,712246,Female,
10/3/2020 22:58:06,Very high preference to a MALE child,,,,,High,,,,Very high,,,,High preference to a FEMALE child,,,,,Very high preference to a MALE child,,,,,Low,,,,Very High,,,,Low,,,,Very high preference to a MALE child,,,,,21,272002,Male,
10/3/2020 23:03:28,Very high preference to a MALE child,,,,,High,,,,Very high,,,,High preference to a MALE child,,,,,Very high preference to a MALE child,,,,,Low,,,,Very High,,,,Medium,,,,Very high preference to a MALE child,,,,,21,211002,Female,
10/3/2020 23:05:57,Very high preference to a MALE child,,,,,Medium,,,,Very high,,,,No gender preference,,,,,Very high preference to a MALE child,,,,,Low,,,,Very High,,,,Low,,,,Very high preference to a MALE child,,,,,21,800016,Male,
10/3/2020 23:27:49,High preference to a MALE child,,,,,Medium,,,,Very high,,,,No gender preference,,,,,Very high preference to a MALE child,,,,,Very Low,,,,Very High,,,,Very Low,,,,No gender preference,,,,,31,412101,Female,
10/3/2020 23:57:24,Very high preference to a MALE child,,,,,Medium,,,,Very high,,,,High preference to a FEMALE child,,,,,Very high preference to a MALE child,,,,,Very Low,,,,Very High,,,,Low,,,,Very high preference to a MALE child,,,,,21,272302,Male,
10/3/2020 23:59:52,NO gender preference,,,,,Medium,,,,Medium,,,,No gender preference,,,,,No gender preference,,,,,Medium,,,,Medium,,,,Medium,,,,No gender preference,,,,,38,201306,Male,
10/4/2020 1:24:48,NO gender preference,,,,,Medium,,,,Medium,,,,Moderate preference to a FEMALE child,,,,,Moderate preference to a MALE child,,,,,High,,,,High,,,,Very Low,,,,Very high preference to a MALE child,,,,,21,785128,Female,
10/4/2020 2:11:15,Very high preference to a MALE child,,,,,High,,,,Medium,,,,Moderate preference to a FEMALE child,,,,,Very high preference to a MALE child,,,,,Medium,,,,High,,,,NOT interested,,,,Very high preference to a MALE child,,,,,20,272002,Male,
10/4/2020 4:16:45,Very high preference to a MALE child,,,,,Very high,,,,Low,,,,Very high preference to a MALE child,,,,,High preference to a MALE child,,,,,Very Low,,,,Very Low,,,,Medium,,,,Moderate preference to a FEMALE child,,,,,22,272301,Male,
10/4/2020 4:16:46,Very high preference to a MALE child,,,,,Very high,,,,Low,,,,Very high preference to a MALE child,,,,,High preference to a MALE child,,,,,Very Low,,,,Very Low,,,,Medium,,,,Moderate preference to a FEMALE child,,,,,22,272301,Male,
10/4/2020 5:38:18,Very high preference to a MALE child,,,,,High,,,,High,,,,No gender preference,,,,,No gender preference,,,,,Medium,,,,Medium,,,,Low,,,,No gender preference,,,,,23,796001,Female,
10/4/2020 6:24:09,NO gender preference,,,,,NOT interested,,,,NOT interested,,,,No gender preference,,,,,No gender preference,,,,,NOT interested,,,,NOT interested,,,,NOT interested,,,,No gender preference,,,,,21,211001,Male,
10/4/2020 7:56:09,High preference to a MALE child,,,,,Medium,,,,Very high,,,,High preference to a FEMALE child,,,,,Very high preference to a MALE child,,,,,Medium,,,,Very High,,,,Low,,,,Very high preference to a MALE child,,,,,,,Male,
10/4/2020 8:14:46,Very high preference to a FEMALE child,,,,,Medium,,,,Very high,,,,No gender preference,,,,,Very high preference to a MALE child,,,,,Very Low,,,,Very High,,,,NOT interested,,,,Very high preference to a MALE child,,,,,21,262701,Male,
10/4/2020 8:36:15,Very high preference to a FEMALE child,,,,,Low,,,,Low,,,,Very high preference to a FEMALE child,,,,,Very high preference to a FEMALE child,,,,,NOT interested,,,,NOT interested,,,,NOT interested,,,,No gender preference,,,,,22,342005,Male,
10/4/2020 8:38:35,NO gender preference,,,,,High,,,,High,,,,No gender preference,,,,,No gender preference,,,,,NOT interested,,,,NOT interested,,,,NOT interested,,,,No gender preference,,,,,20,507003,Male,
10/4/2020 8:39:59,High preference to a MALE child,,,,,Low,,,,Very high,,,,Moderate preference to a FEMALE child,,,,,Very high preference to a MALE child,,,,,NOT interested,,,,Very High,,,,NOT interested,,,,Very high preference to a MALE child,,,,,19,517424,Female,
10/4/2020 8:45:39,Very high preference to a MALE child,,,,,Low,,,,High,,,,Moderate preference to a FEMALE child,,,,,High preference to a MALE child,,,,,Low,,,,High,,,,NOT interested,,,,Moderate preference to a MALE child,,,,,24,231220,Male,
10/4/2020 8:45:53,High preference to a MALE child,,,,,Medium,,,,Very Low,,,,Moderate preference to a MALE child,,,,,Very high preference to a MALE child,,,,,NOT interested,,,,Very Low,,,,NOT interested,,,,Very high preference to a MALE child,,,,,21,221007,Male,
10/4/2020 8:46:42,NO gender preference,,,,,NOT interested,,,,Very high,,,,No gender preference,,,,,Very high preference to a MALE child,,,,,NOT interested,,,,Very High,,,,NOT interested,,,,Very high preference to a MALE child,,,,,46,251307,Male,
10/4/2020 8:47:50,High preference to a MALE child,,,,,Medium,,,,High,,,,No gender preference,,,,,High preference to a MALE child,,,,,NOT interested,,,,High,,,,NOT interested,,,,High preference to a MALE child,,,,,23,208027,Female,
10/4/2020 8:48:32,NO gender preference,,,,,Medium,,,,NOT interested,,,,No gender preference,,,,,No gender preference,,,,,NOT interested,,,,NOT interested,,,,NOT interested,,,,No gender preference,,,,,22,708104,Male,
10/4/2020 8:48:41,High preference to a MALE child,,,,,Medium,,,,Very high,,,,No gender preference,,,,,Very high preference to a MALE child,,,,,Very Low,,,,Very High,,,,Low,,,,Very high preference to a MALE child,,,,,21,221005,Male,
10/4/2020 8:48:44,NO gender preference,,,,,NOT interested,,,,NOT interested,,,,No gender preference,,,,,No gender preference,,,,,NOT interested,,,,NOT interested,,,,NOT interested,,,,No gender preference,,,,,38,226028,Male,
10/4/2020 8:48:56,Very high preference to a MALE child,,,,,Medium,,,,Very high,,,,No gender preference,,,,,Very high preference to a MALE child,,,,,NOT interested,,,,Very High,,,,NOT interested,,,,Very high preference to a MALE child,,,,,39,247775,Male,
10/4/2020 8:49:14,Very high preference to a MALE child,,,,,High,,,,Very high,,,,No gender preference,,,,,High preference to a MALE child,,,,,Very Low,,,,High,,,,NOT interested,,,,Very high preference to a MALE child,,,,,23,206245,Male,
10/4/2020 8:49:45,Moderate preference to a MALE child,,,,,High,,,,Very high,,,,Moderate preference to a FEMALE child,,,,,High preference to a MALE child,,,,,Low,,,,Very High,,,,Low,,,,High preference to a MALE child,,,,,22,343029,Male,
10/4/2020 8:50:15,High preference to a MALE child,,,,,Low,,,,Very high,,,,High preference to a MALE child,,,,,Very high preference to a MALE child,,,,,Very Low,,,,Very High,,,,Medium,,,,Very high preference to a MALE child,,,,,22,221005,Female,
10/4/2020 8:50:43,Very high preference to a MALE child,,,,,Medium,,,,Very high,,,,High preference to a FEMALE child,,,,,High preference to a MALE child,,,,,NOT interested,,,,Low,,,,NOT interested,,,,Very high preference to a MALE child,,,,,25,332706,Male,
10/4/2020 8:52:44,Very high preference to a MALE child,,,,,Medium,,,,Very high,,,,Very high preference to a MALE child,,,,,Very high preference to a MALE child,,,,,Low,,,,Very High,,,,Medium,,,,Very high preference to a MALE child,,,,,22,500056,Female,
10/4/2020 8:53:14,Moderate preference to a MALE child,,,,,Low,,,,High,,,,Moderate preference to a FEMALE child,,,,,High preference to a MALE child,,,,,NOT interested,,,,High,,,,NOT interested,,,,Very high preference to a MALE child,,,,,22,847301,Male,
10/4/2020 8:53:52,Very high preference to a MALE child,,,,,Medium,,,,Very high,,,,Moderate preference to a FEMALE child,,,,,High preference to a MALE child,,,,,Low,,,,Very High,,,,Very Low,,,,High preference to a MALE child,,,,,21,221011,Male,
10/4/2020 8:54:20,NO gender preference,,,,,High,,,,High,,,,High preference to a FEMALE child,,,,,High preference to a MALE child,,,,,NOT interested,,,,NOT interested,,,,NOT interested,,,,No gender preference,,,,,26,247775,Male,
10/4/2020 8:54:27,Very high preference to a MALE child,,,,,Very low,,,,Very high,,,,No gender preference,,,,,High preference to a MALE child,,,,,Very Low,,,,Very High,,,,NOT interested,,,,Very high preference to a MALE child,,,,,22,332402,Male,
10/4/2020 8:57:22,High preference to a MALE child,,,,,High,,,,Very high,,,,No gender preference,,,,,Very high preference to a MALE child,,,,,NOT interested,,,,High,,,,NOT interested,,,,Very high preference to a MALE child,,,,,20,222131,Male,
10/4/2020 8:57:49,NO gender preference,,,,,Medium,,,,Medium,,,,No gender preference,,,,,No gender preference,,,,,NOT interested,,,,NOT interested,,,,NOT interested,,,,No gender preference,,,,,35,221005,Female,
10/4/2020 8:58:01,Very high preference to a MALE child,,,,,High,,,,Very high,,,,High preference to a MALE child,,,,,Very high preference to a MALE child,,,,,High,,,,Very High,,,,High,,,,Very high preference to a MALE child,,,,,24,276304,Male,
10/4/2020 8:58:14,Very high preference to a MALE child,,,,,Low,,,,High,,,,Moderate preference to a MALE child,,,,,Very high preference to a MALE child,,,,,Very Low,,,,Medium,,,,Very Low,,,,Very high preference to a MALE child,,,,,32,796001,Female,
10/4/2020 9:00:34,Moderate preference to a MALE child,,,,,Medium,,,,High,,,,No gender preference,,,,,Very high preference to a MALE child,,,,,NOT interested,,,,Medium,,,,NOT interested,,,,Very high preference to a MALE child,,,,,20,273209,Male,
10/4/2020 9:00:53,Very high preference to a MALE child,,,,,Medium,,,,High,,,,High preference to a FEMALE child,,,,,High preference to a MALE child,,,,,Very Low,,,,Very High,,,,NOT interested,,,,No gender preference,,,,,25,221404,Male,
10/4/2020 9:01:00,NO gender preference,,,,,High,,,,High,,,,Moderate preference to a FEMALE child,,,,,High preference to a MALE child,,,,,Low,,,,High,,,,Very Low,,,,High preference to a MALE child,,,,,22,834009,Male,
10/4/2020 9:02:30,Moderate preference to a MALE child,,,,,Medium,,,,High,,,,No gender preference,,,,,High preference to a MALE child,,,,,Low,,,,Medium,,,,Low,,,,Very high preference to a MALE child,,,,,20,209871,Male,
10/4/2020 9:02:35,Moderate preference to a MALE child,,,,,Medium,,,,High,,,,No gender preference,,,,,High preference to a MALE child,,,,,Low,,,,Medium,,,,Low,,,,Very high preference to a MALE child,,,,,20,209871,Male,
10/4/2020 9:03:34,Very high preference to a MALE child,,,,,Medium,,,,Very high,,,,Moderate preference to a FEMALE child,,,,,Very high preference to a MALE child,,,,,Very Low,,,,High,,,,Very Low,,,,Very high preference to a FEMALE child,,,,,22,273016,Female,
10/4/2020 9:04:58,High preference to a MALE child,,,,,High,,,,Very high,,,,Very high preference to a FEMALE child,,,,,Very high preference to a MALE child,,,,,Very Low,,,,Very High,,,,Low,,,,Very high preference to a MALE child,,,,,21,221011,Male,
10/4/2020 9:05:36,High preference to a MALE child,,,,,Medium,,,,High,,,,High preference to a MALE child,,,,,Very high preference to a MALE child,,,,,Very Low,,,,Very High,,,,Low,,,,Very high preference to a MALE child,,,,,23,273008,Male,
10/4/2020 9:06:05,High preference to a MALE child,,,,,Low,,,,Very high,,,,Moderate preference to a FEMALE child,,,,,Very high preference to a MALE child,,,,,Low,,,,Very High,,,,Very Low,,,,Very high preference to a MALE child,,,,,22,221005,Female,
10/4/2020 9:06:35,Moderate preference to a MALE child,,,,,Medium,,,,Very high,,,,Moderate preference to a FEMALE child,,,,,High preference to a MALE child,,,,,Very Low,,,,High,,,,NOT interested,,,,Very high preference to a MALE child,,,,,38,247776,Male,
10/4/2020 9:08:22,High preference to a MALE child,,,,,High,,,,Very high,,,,Moderate preference to a FEMALE child,,,,,Very high preference to a MALE child,,,,,Medium,,,,Very High,,,,Low,,,,Very high preference to a MALE child,,,,,19,231001,Female,
10/4/2020 9:09:11,NO gender preference,,,,,High,,,,Very high,,,,High preference to a FEMALE child,,,,,High preference to a MALE child,,,,,Very Low,,,,High,,,,Very Low,,,,Very high preference to a MALE child,,,,,23,221001,Female,
10/4/2020 9:10:11,High preference to a MALE child,,,,,Medium,,,,Very high,,,,Moderate preference to a FEMALE child,,,,,Very high preference to a MALE child,,,,,Very Low,,,,Very High,,,,NOT interested,,,,Very high preference to a MALE child,,,,,22,221005,Male,
10/4/2020 9:11:21,High preference to a MALE child,,,,,Low,,,,Medium,,,,No gender preference,,,,,Moderate preference to a MALE child,,,,,Medium,,,,Low,,,,Very Low,,,,Moderate preference to a MALE child,,,,,21,800008,Male,
10/4/2020 9:15:06,High preference to a MALE child,,,,,Medium,,,,Very high,,,,Moderate preference to a FEMALE child,,,,,High preference to a MALE child,,,,,Low,,,,High,,,,Very Low,,,,Very high preference to a MALE child,,,,,21,221001,Female,
10/4/2020 9:19:14,NO gender preference,,,,,NOT interested,,,,NOT interested,,,,No gender preference,,,,,No gender preference,,,,,NOT interested,,,,NOT interested,,,,NOT interested,,,,No gender preference,,,,,21,221010,Male,
10/4/2020 9:22:42,NO gender preference,,,,,Very high,,,,Very high,,,,Very high preference to a FEMALE child,,,,,Very high preference to a MALE child,,,,,NOT interested,,,,NOT interested,,,,NOT interested,,,,No gender preference,,,,,21,501501,Male,
10/4/2020 9:23:42,NO gender preference,,,,,Medium,,,,Very high,,,,High preference to a FEMALE child,,,,,Very high preference to a MALE child,,,,,NOT interested,,,,Very Low,,,,NOT interested,,,,Moderate preference to a MALE child,,,,,21,272150,Male,
10/4/2020 9:24:12,High preference to a MALE child,,,,,Medium,,,,Medium,,,,Moderate preference to a FEMALE child,,,,,Very high preference to a MALE child,,,,,Medium,,,,Very High,,,,Very Low,,,,Very high preference to a MALE child,,,,,22,231210,Male,
10/4/2020 9:24:25,High preference to a MALE child,,,,,Medium,,,,Medium,,,,Moderate preference to a FEMALE child,,,,,Very high preference to a MALE child,,,,,Medium,,,,Very High,,,,Very Low,,,,Very high preference to a MALE child,,,,,22,231210,Male,
10/4/2020 9:26:36,Very high preference to a MALE child,,,,,High,,,,Very high,,,,High preference to a FEMALE child,,,,,High preference to a MALE child,,,,,Low,,,,High,,,,Very Low,,,,Very high preference to a MALE child,,,,,20,851212,Male,
10/4/2020 9:32:17,NO gender preference,,,,,Low,,,,NOT interested,,,,No gender preference,,,,,Moderate preference to a MALE child,,,,,NOT interested,,,,NOT interested,,,,NOT interested,,,,No gender preference,,,,,45,152123,Male,
10/4/2020 9:33:53,High preference to a MALE child,,,,,Medium,,,,Very high,,,,No gender preference,,,,,High preference to a MALE child,,,,,Low,,,,High,,,,Medium,,,,High preference to a MALE child,,,,,21,251001,Male,
10/4/2020 9:34:20,High preference to a MALE child,,,,,Medium,,,,High,,,,High preference to a FEMALE child,,,,,Very high preference to a MALE child,,,,,NOT interested,,,,Low,,,,NOT interested,,,,Very high preference to a MALE child,,,,,20,221008,Male,
10/4/2020 9:34:41,High preference to a MALE child,,,,,Medium,,,,Very high,,,,High preference to a FEMALE child,,,,,Very high preference to a MALE child,,,,,Very Low,,,,Very Low,,,,NOT interested,,,,Very high preference to a MALE child,,,,,21,,Male,
10/4/2020 9:35:16,Very high preference to a FEMALE child,,,,,High,,,,Very high,,,,No gender preference,,,,,No gender preference,,,,,Very high,,,,NOT interested,,,,NOT interested,,,,No gender preference,,,,,23,500012,Female,
10/4/2020 9:37:40,Very high preference to a MALE child,,,,,Low,,,,Very high,,,,Moderate preference to a MALE child,,,,,Very high preference to a MALE child,,,,,Very Low,,,,Very High,,,,Medium,,,,Very high preference to a MALE child,,,,,21,515004,Female,
10/4/2020 9:40:10,High preference to a MALE child,,,,,High,,,,High,,,,High preference to a FEMALE child,,,,,High preference to a MALE child,,,,,Medium,,,,Low,,,,Very Low,,,,Very high preference to a MALE child,,,,,24,,Male,
10/4/2020 9:40:30,Very high preference to a MALE child,,,,,Low,,,,Very high,,,,Moderate preference to a MALE child,,,,,Very high preference to a MALE child,,,,,Medium,,,,High,,,,Low,,,,High preference to a MALE child,,,,,24,713359,Female,
10/4/2020 9:40:39,Very high preference to a MALE child,,,,,Medium,,,,Very high,,,,High preference to a FEMALE child,,,,,Very high preference to a MALE child,,,,,NOT interested,,,,Very High,,,,NOT interested,,,,Very high preference to a MALE child,,,,,22,223103,Male,
10/4/2020 9:40:45,Very high preference to a MALE child,,,,,Medium,,,,Very high,,,,High preference to a FEMALE child,,,,,Very high preference to a MALE child,,,,,NOT interested,,,,Very High,,,,NOT interested,,,,Very high preference to a MALE child,,,,,22,223103,Male,
10/4/2020 9:44:32,NO gender preference,,,,,Very high,,,,Very high,,,,Very high preference to a FEMALE child,,,,,Moderate preference to a MALE child,,,,,Medium,,,,Medium,,,,NOT interested,,,,Very high preference to a MALE child,,,,,24,515801,Male,
10/4/2020 9:45:17,NO gender preference,,,,,Medium,,,,Very high,,,,Very high preference to a FEMALE child,,,,,Very high preference to a MALE child,,,,,NOT interested,,,,Very High,,,,NOT interested,,,,Very high preference to a MALE child,,,,,22,224227,Female,
10/4/2020 9:46:14,Very high preference to a MALE child,,,,,Very high,,,,Medium,,,,No gender preference,,,,,Very high preference to a MALE child,,,,,Low,,,,Very High,,,,Medium,,,,Very high preference to a MALE child,,,,,20,272175,Male,
10/4/2020 9:47:24,NO gender preference,,,,,Low,,,,Very Low,,,,Very high preference to a MALE child,,,,,Very high preference to a MALE child,,,,,Very Low,,,,Very High,,,,NOT interested,,,,High preference to a MALE child,,,,,21,21,Male,
10/4/2020 9:50:53,Moderate preference to a FEMALE child,,,,,High,,,,High,,,,High preference to a FEMALE child,,,,,High preference to a MALE child,,,,,High,,,,Very High,,,,Medium,,,,High preference to a MALE child,,,,,24,796001,Male,
10/4/2020 9:52:54,High preference to a FEMALE child,,,,,Very high,,,,Very Low,,,,Very high preference to a FEMALE child,,,,,Moderate preference to a MALE child,,,,,Very high,,,,Very Low,,,,Very Low,,,,No gender preference,,,,,20,221204,Male,
10/4/2020 9:55:53,Very high preference to a MALE child,,,,,High,,,,Very high,,,,Moderate preference to a FEMALE child,,,,,Very high preference to a MALE child,,,,,Very Low,,,,Medium,,,,Very Low,,,,Very high preference to a MALE child,,,,,22,221101,Male,
10/4/2020 9:56:27,Very high preference to a MALE child,,,,,Medium,,,,Very high,,,,Moderate preference to a MALE child,,,,,Very high preference to a MALE child,,,,,Low,,,,Very High,,,,Very Low,,,,Very high preference to a MALE child,,,,,24,281001,Female,
10/4/2020 9:57:28,Very high preference to a MALE child,,,,,High,,,,Very high,,,,High preference to a FEMALE child,,,,,Very high preference to a MALE child,,,,,Very Low,,,,Very High,,,,Very Low,,,,Very high preference to a MALE child,,,,,25,222128,Male,
10/4/2020 9:59:55,Very high preference to a MALE child,,,,,Medium,,,,Very high,,,,Moderate preference to a MALE child,,,,,Very high preference to a MALE child,,,,,Low,,,,Very High,,,,Very Low,,,,Very high preference to a MALE child,,,,,21,221010,Female,
10/4/2020 10:00:55,High preference to a MALE child,,,,,Medium,,,,High,,,,Moderate preference to a FEMALE child,,,,,High preference to a MALE child,,,,,Low,,,,High,,,,Very Low,,,,Very high preference to a MALE child,,,,,21,232101,Male,
10/4/2020 10:02:06,NO gender preference,,,,,Medium,,,,High,,,,Moderate preference to a MALE child,,,,,High preference to a MALE child,,,,,Very Low,,,,Very Low,,,,Very Low,,,,Moderate preference to a MALE child,,,,,22,221005,Male,
10/4/2020 10:05:20,High preference to a MALE child,,,,,Medium,,,,Very high,,,,High preference to a FEMALE child,,,,,Very high preference to a MALE child,,,,,Very Low,,,,Very Low,,,,NOT interested,,,,Very high preference to a MALE child,,,,,22,243006,Female,
10/4/2020 10:05:42,NO gender preference,,,,,High,,,,Very Low,,,,Moderate preference to a FEMALE child,,,,,Moderate preference to a MALE child,,,,,NOT interested,,,,NOT interested,,,,NOT interested,,,,No gender preference,,,,,40,700039,Male,
10/4/2020 10:07:11,Very high preference to a MALE child,,,,,Low,,,,Very high,,,,Very high preference to a FEMALE child,,,,,Very high preference to a MALE child,,,,,NOT interested,,,,Very High,,,,NOT interested,,,,Very high preference to a MALE child,,,,,22,273001,Female,
10/4/2020 10:08:24,High preference to a MALE child,,,,,Very high,,,,Very high,,,,High preference to a MALE child,,,,,High preference to a MALE child,,,,,Medium,,,,Very High,,,,Medium,,,,Very high preference to a MALE child,,,,,22,276136,Male,
10/4/2020 10:08:33,High preference to a MALE child,,,,,Very high,,,,Very high,,,,High preference to a MALE child,,,,,High preference to a MALE child,,,,,Medium,,,,Very High,,,,Medium,,,,Very high preference to a MALE child,,,,,22,276136,Male,
10/4/2020 10:09:02,Moderate preference to a MALE child,,,,,Very high,,,,Very high,,,,Very high preference to a FEMALE child,,,,,Very high preference to a MALE child,,,,,NOT interested,,,,NOT interested,,,,NOT interested,,,,Very high preference to a MALE child,,,,,25,515511,Male,
10/4/2020 10:12:46,High preference to a MALE child,,,,,Medium,,,,High,,,,Moderate preference to a MALE child,,,,,High preference to a MALE child,,,,,Low,,,,High,,,,Low,,,,Very high preference to a MALE child,,,,,23,110077,Female,
10/4/2020 10:13:03,High preference to a MALE child,,,,,Medium,,,,High,,,,Moderate preference to a FEMALE child,,,,,High preference to a MALE child,,,,,Very Low,,,,High,,,,Very Low,,,,High preference to a MALE child,,,,,21,226002,Male,
10/4/2020 10:21:47,NO gender preference,,,,,NOT interested,,,,NOT interested,,,,No gender preference,,,,,No gender preference,,,,,NOT interested,,,,NOT interested,,,,NOT interested,,,,No gender preference,,,,,21,462039,Female,
10/4/2020 10:29:13,High preference to a MALE child,,,,,Medium,,,,Very high,,,,High preference to a FEMALE child,,,,,Very high preference to a MALE child,,,,,NOT interested,,,,Very High,,,,NOT interested,,,,Very high preference to a MALE child,,,,,21,301020,Male,
10/4/2020 10:31:03,Very high preference to a MALE child,,,,,Medium,,,,Very high,,,,No gender preference,,,,,Very high preference to a MALE child,,,,,Very Low,,,,Very High,,,,NOT interested,,,,Very high preference to a MALE child,,,,,22,831001,Female,
10/4/2020 10:31:59,NO gender preference,,,,,NOT interested,,,,NOT interested,,,,No gender preference,,,,,No gender preference,,,,,NOT interested,,,,NOT interested,,,,NOT interested,,,,No gender preference,,,,,23,711101,Male,
10/4/2020 10:36:12,High preference to a MALE child,,,,,Medium,,,,Very high,,,,No gender preference,,,,,High preference to a MALE child,,,,,Very Low,,,,Low,,,,Very Low,,,,Very high preference to a MALE child,,,,,23,390009,Male,
10/4/2020 10:38:43,Very high preference to a MALE child,,,,,High,,,,Very high,,,,No gender preference,,,,,Very high preference to a MALE child,,,,,Very Low,,,,Very High,,,,NOT interested,,,,Very high preference to a MALE child,,,,,22,231304,Female,
10/4/2020 10:39:20,NO gender preference,,,,,NOT interested,,,,NOT interested,,,,No gender preference,,,,,No gender preference,,,,,NOT interested,,,,NOT interested,,,,NOT interested,,,,No gender preference,,,,,22,782003,Male,
10/4/2020 10:40:20,Very high preference to a MALE child,,,,,High,,,,Very high,,,,Moderate preference to a MALE child,,,,,Very high preference to a MALE child,,,,,Very Low,,,,Very High,,,,Medium,,,,Very high preference to a MALE child,,,,,27,831003,Male,
10/4/2020 10:40:27,Moderate preference to a MALE child,,,,,Medium,,,,Very high,,,,No gender preference,,,,,Very high preference to a MALE child,,,,,Low,,,,High,,,,NOT interested,,,,Very high preference to a MALE child,,,,,23,221011,Male,
10/4/2020 10:40:45,Moderate preference to a MALE child,,,,,Medium,,,,Very high,,,,Moderate preference to a FEMALE child,,,,,Very high preference to a MALE child,,,,,Very Low,,,,Low,,,,Very Low,,,,Very high preference to a MALE child,,,,,22,221005,Female,
10/4/2020 10:46:27,NO gender preference,,,,,High,,,,High,,,,High preference to a FEMALE child,,,,,High preference to a MALE child,,,,,NOT interested,,,,NOT interested,,,,NOT interested,,,,High preference to a MALE child,,,,,22,212306,Male,
10/4/2020 10:50:17,Very high preference to a MALE child,,,,,Medium,,,,High,,,,No gender preference,,,,,Very high preference to a MALE child,,,,,Very Low,,,,High,,,,NOT interested,,,,High preference to a MALE child,,,,,22,831001,Male,
10/4/2020 10:56:07,Very high preference to a MALE child,,,,,Medium,,,,Very high,,,,No gender preference,,,,,Very high preference to a MALE child,,,,,Low,,,,Very High,,,,Low,,,,Very high preference to a MALE child,,,,,23,700110,Female,
10/4/2020 10:56:57,High preference to a MALE child,,,,,Low,,,,Very high,,,,Moderate preference to a MALE child,,,,,Very high preference to a MALE child,,,,,Low,,,,Very High,,,,Low,,,,Very high preference to a MALE child,,,,,23,785681,Female,
10/4/2020 10:58:27,High preference to a MALE child,,,,,High,,,,High,,,,Very high preference to a FEMALE child,,,,,Very high preference to a MALE child,,,,,NOT interested,,,,Very High,,,,NOT interested,,,,Very high preference to a MALE child,,,,,21,272176,Male,
10/4/2020 11:02:00,Moderate preference to a MALE child,,,,,High,,,,Very high,,,,High preference to a FEMALE child,,,,,Very high preference to a MALE child,,,,,NOT interested,,,,Very High,,,,Very Low,,,,Very high preference to a MALE child,,,,,20,802215,Female,
10/4/2020 11:03:32,High preference to a MALE child,,,,,Medium,,,,High,,,,No gender preference,,,,,Very high preference to a MALE child,,,,,NOT interested,,,,Very High,,,,NOT interested,,,,Very high preference to a MALE child,,,,,21,841234,Female,
10/4/2020 11:03:39,High preference to a MALE child,,,,,Medium,,,,High,,,,No gender preference,,,,,Very high preference to a MALE child,,,,,NOT interested,,,,Very High,,,,NOT interested,,,,Very high preference to a MALE child,,,,,21,841234,Female,
10/4/2020 11:07:01,High preference to a MALE child,,,,,Medium,,,,High,,,,Moderate preference to a MALE child,,,,,Very high preference to a MALE child,,,,,Low,,,,High,,,,Medium,,,,Very high preference to a MALE child,,,,,21,221005,Male,
10/4/2020 11:08:27,Very high preference to a MALE child,,,,,NOT interested,,,,Very high,,,,No gender preference,,,,,Very high preference to a MALE child,,,,,NOT interested,,,,Very High,,,,NOT interested,,,,No gender preference,,,,,23,208005,Female,
10/4/2020 11:08:57,High preference to a MALE child,,,,,Medium,,,,Very high,,,,Moderate preference to a FEMALE child,,,,,Very high preference to a MALE child,,,,,Very Low,,,,High,,,,Medium,,,,Very high preference to a MALE child,,,,,23,127032,Male,
10/4/2020 11:13:09,Very high preference to a MALE child,,,,,Medium,,,,Very high,,,,No gender preference,,,,,Very high preference to a MALE child,,,,,Very Low,,,,Very High,,,,Low,,,,Very high preference to a MALE child,,,,,23,208002,Female,
10/4/2020 11:14:19,High preference to a MALE child,,,,,Medium,,,,Very high,,,,Very high preference to a MALE child,,,,,Very high preference to a MALE child,,,,,Low,,,,Very High,,,,NOT interested,,,,Very high preference to a MALE child,,,,,21,502311,Female,
10/4/2020 11:14:34,Very high preference to a MALE child,,,,,Very low,,,,Very high,,,,Moderate preference to a FEMALE child,,,,,Very high preference to a MALE child,,,,,Very Low,,,,Very High,,,,NOT interested,,,,Very high preference to a MALE child,,,,,25,201307,Male,
10/4/2020 11:15:21,NO gender preference,,,,,Medium,,,,Medium,,,,No gender preference,,,,,No gender preference,,,,,NOT interested,,,,Medium,,,,NOT interested,,,,High preference to a MALE child,,,,,24,505209,Female,
10/4/2020 11:15:27,Very high preference to a MALE child,,,,,Medium,,,,Very high,,,,Moderate preference to a MALE child,,,,,Very high preference to a MALE child,,,,,Very Low,,,,Very High,,,,Medium,,,,Very high preference to a MALE child,,,,,24,221005,Female,
10/4/2020 11:18:02,Very high preference to a MALE child,,,,,Medium,,,,Very high,,,,Moderate preference to a MALE child,,,,,Very high preference to a MALE child,,,,,Very Low,,,,Very High,,,,Low,,,,Very high preference to a MALE child,,,,,22,221005,Female,
10/4/2020 11:30:23,NO gender preference,,,,,Very high,,,,Very high,,,,No gender preference,,,,,No gender preference,,,,,Medium,,,,Medium,,,,Medium,,,,No gender preference,,,,,,828125,Male,
10/4/2020 11:32:23,High preference to a MALE child,,,,,Low,,,,Very high,,,,Moderate preference to a MALE child,,,,,Very high preference to a MALE child,,,,,Very Low,,,,Very High,,,,Low,,,,Very high preference to a MALE child,,,,,22,831011,Female,
10/4/2020 11:38:36,Very high preference to a MALE child,,,,,Medium,,,,Very high,,,,High preference to a FEMALE child,,,,,Very high preference to a MALE child,,,,,NOT interested,,,,Very High,,,,NOT interested,,,,Very high preference to a MALE child,,,,,23,221001,Female,
10/4/2020 11:46:59,Very high preference to a MALE child,,,,,High,,,,Very high,,,,High preference to a FEMALE child,,,,,Very high preference to a MALE child,,,,,Medium,,,,Very High,,,,Very Low,,,,Very high preference to a MALE child,,,,,21,222002,Male,
10/4/2020 11:48:58,Very high preference to a MALE child,,,,,Medium,,,,Very high,,,,Moderate preference to a FEMALE child,,,,,Very high preference to a MALE child,,,,,Very Low,,,,Very High,,,,NOT interested,,,,Very high preference to a MALE child,,,,,22,246725,Male,
10/4/2020 11:49:06,Very high preference to a MALE child,,,,,Very high,,,,Very high,,,,Very high preference to a MALE child,,,,,Very high preference to a MALE child,,,,,Very high,,,,Very High,,,,Very High,,,,Very high preference to a MALE child,,,,,22,222001,Male,
10/4/2020 11:49:13,Very high preference to a MALE child,,,,,Medium,,,,Very high,,,,Moderate preference to a FEMALE child,,,,,Very high preference to a MALE child,,,,,Very Low,,,,Very High,,,,NOT interested,,,,Very high preference to a MALE child,,,,,22,246725,Male,
10/4/2020 11:52:53,Very high preference to a MALE child,,,,,Low,,,,Very high,,,,Moderate preference to a MALE child,,,,,Very high preference to a MALE child,,,,,Very Low,,,,Very High,,,,Low,,,,Very high preference to a MALE child,,,,,22,221103,Female,
10/4/2020 11:55:00,High preference to a MALE child,,,,,Medium,,,,High,,,,Moderate preference to a MALE child,,,,,High preference to a MALE child,,,,,Low,,,,High,,,,Medium,,,,Very high preference to a MALE child,,,,,20,834009,Female,
10/4/2020 11:56:09,High preference to a MALE child,,,,,Medium,,,,Very high,,,,No gender preference,,,,,High preference to a MALE child,,,,,Very Low,,,,Very High,,,,NOT interested,,,,Very high preference to a MALE child,,,,,22,221001,Female,
10/4/2020 11:58:03,NO gender preference,,,,,Medium,,,,Medium,,,,No gender preference,,,,,No gender preference,,,,,Very Low,,,,Very Low,,,,NOT interested,,,,No gender preference,,,,,23,800002,Female,
10/4/2020 12:01:34,Very high preference to a MALE child,,,,,Medium,,,,Very high,,,,Moderate preference to a MALE child,,,,,Very high preference to a MALE child,,,,,Low,,,,Very High,,,,Low,,,,Very high preference to a MALE child,,,,,24,222002,Female,
10/4/2020 12:01:39,Very high preference to a MALE child,,,,,High,,,,Very high,,,,Moderate preference to a MALE child,,,,,Very high preference to a MALE child,,,,,NOT interested,,,,High,,,,NOT interested,,,,Very high preference to a MALE child,,,,,19,224129,Female,
10/4/2020 12:06:16,NO gender preference,,,,,Low,,,,Very high,,,,Moderate preference to a FEMALE child,,,,,Very high preference to a MALE child,,,,,Very Low,,,,High,,,,Very Low,,,,Very high preference to a MALE child,,,,,21,,Female,
10/4/2020 12:12:46,Moderate preference to a MALE child,,,,,Low,,,,High,,,,High preference to a FEMALE child,,,,,High preference to a MALE child,,,,,NOT interested,,,,High,,,,NOT interested,,,,High preference to a MALE child,,,,,25,251327,Male,
10/4/2020 12:15:24,Very high preference to a MALE child,,,,,High,,,,Very high,,,,High preference to a FEMALE child,,,,,Very high preference to a MALE child,,,,,Very Low,,,,Very Low,,,,NOT interested,,,,Very high preference to a MALE child,,,,,19,521125,Male,
10/4/2020 12:16:03,High preference to a MALE child,,,,,Low,,,,High,,,,Very high preference to a FEMALE child,,,,,Very high preference to a MALE child,,,,,Medium,,,,Very High,,,,NOT interested,,,,Very high preference to a MALE child,,,,,20,221204,Male,
10/4/2020 12:18:39,NO gender preference,,,,,Medium,,,,Medium,,,,No gender preference,,,,,No gender preference,,,,,NOT interested,,,,NOT interested,,,,NOT interested,,,,No gender preference,,,,,23,800002,Female,
10/4/2020 12:19:50,Very high preference to a MALE child,,,,,Medium,,,,Very high,,,,No gender preference,,,,,Very high preference to a MALE child,,,,,Very Low,,,,Very High,,,,Very Low,,,,Very high preference to a MALE child,,,,,25,232101,Male,
10/4/2020 12:20:37,Moderate preference to a MALE child,,,,,High,,,,Very high,,,,Moderate preference to a FEMALE child,,,,,Very high preference to a MALE child,,,,,Medium,,,,Very High,,,,Medium,,,,Very high preference to a MALE child,,,,,21,841501,Male,
10/4/2020 12:20:48,Moderate preference to a MALE child,,,,,High,,,,Very high,,,,Moderate preference to a FEMALE child,,,,,Very high preference to a MALE child,,,,,Medium,,,,Very High,,,,Medium,,,,Very high preference to a MALE child,,,,,21,841501,Male,
10/4/2020 12:22:00,High preference to a MALE child,,,,,High,,,,Very high,,,,No gender preference,,,,,Very high preference to a MALE child,,,,,Low,,,,Very High,,,,Very Low,,,,Very high preference to a MALE child,,,,,22,222002,Female,
10/4/2020 12:23:31,Very high preference to a MALE child,,,,,Medium,,,,Medium,,,,No gender preference,,,,,Very high preference to a MALE child,,,,,Very Low,,,,Very High,,,,NOT interested,,,,Very high preference to a MALE child,,,,,22,221106,Male,
10/4/2020 12:24:13,NO gender preference,,,,,Low,,,,Medium,,,,Moderate preference to a FEMALE child,,,,,Moderate preference to a MALE child,,,,,NOT interested,,,,NOT interested,,,,NOT interested,,,,No gender preference,,,,,38,245101,Male,
10/4/2020 12:31:05,High preference to a MALE child,,,,,Medium,,,,High,,,,Moderate preference to a FEMALE child,,,,,High preference to a MALE child,,,,,Very Low,,,,High,,,,Very Low,,,,Very high preference to a MALE child,,,,,22,831011,Female,
10/4/2020 12:33:15,Very high preference to a MALE child,,,,,Low,,,,Very high,,,,Very high preference to a MALE child,,,,,Very high preference to a MALE child,,,,,NOT interested,,,,Very High,,,,Low,,,,Very high preference to a MALE child,,,,,23,754201,Female,
10/4/2020 12:38:29,High preference to a MALE child,,,,,Medium,,,,Medium,,,,Very high preference to a FEMALE child,,,,,Moderate preference to a FEMALE child,,,,,NOT interested,,,,NOT interested,,,,NOT interested,,,,High preference to a MALE child,,,,,43,700064,Male,
10/4/2020 12:42:17,NO gender preference,,,,,High,,,,NOT interested,,,,No gender preference,,,,,No gender preference,,,,,High,,,,NOT interested,,,,NOT interested,,,,No gender preference,,,,,38,700042,Female,
10/4/2020 12:42:36,NO gender preference,,,,,High,,,,High,,,,High preference to a FEMALE child,,,,,High preference to a MALE child,,,,,NOT interested,,,,NOT interested,,,,NOT interested,,,,No gender preference,,,,,22,242307,Male,
10/4/2020 12:44:42,NO gender preference,,,,,Medium,,,,Very high,,,,No gender preference,,,,,Moderate preference to a FEMALE child,,,,,Very high,,,,Low,,,,NOT interested,,,,Very high preference to a MALE child,,,,,23,221005,Female,
10/4/2020 12:46:46,High preference to a MALE child,,,,,Medium,,,,High,,,,High preference to a FEMALE child,,,,,High preference to a MALE child,,,,,Low,,,,Medium,,,,Very Low,,,,Very high preference to a MALE child,,,,,21,232103,Male,
10/4/2020 12:49:35,High preference to a FEMALE child,,,,,Medium,,,,High,,,,No gender preference,,,,,Moderate preference to a MALE child,,,,,Low,,,,Low,,,,NOT interested,,,,No gender preference,,,,,23,221001,Female,
10/4/2020 12:55:09,NO gender preference,,,,,NOT interested,,,,NOT interested,,,,No gender preference,,,,,No gender preference,,,,,NOT interested,,,,NOT interested,,,,NOT interested,,,,No gender preference,,,,,22,221401,Male,
10/4/2020 12:55:35,High preference to a MALE child,,,,,Medium,,,,High,,,,Moderate preference to a FEMALE child,,,,,High preference to a MALE child,,,,,Low,,,,High,,,,Very Low,,,,Very high preference to a MALE child,,,,,21,465445,Male,
10/4/2020 12:58:02,High preference to a MALE child,,,,,Medium,,,,Very high,,,,No gender preference,,,,,Very high preference to a MALE child,,,,,Low,,,,Medium,,,,Low,,,,Very high preference to a MALE child,,,,,23,824234,Male,
10/4/2020 12:58:58,Moderate preference to a MALE child,,,,,Medium,,,,Medium,,,,Moderate preference to a FEMALE child,,,,,Very high preference to a MALE child,,,,,Very Low,,,,Low,,,,Very Low,,,,Very high preference to a MALE child,,,,,22,769003,Female,
10/4/2020 12:59:33,High preference to a MALE child,,,,,Medium,,,,Very high,,,,Moderate preference to a MALE child,,,,,Very high preference to a MALE child,,,,,Very Low,,,,High,,,,NOT interested,,,,Very high preference to a MALE child,,,,,24,221001,Female,
10/4/2020 13:16:01,NO gender preference,,,,,Medium,,,,Medium,,,,Very high preference to a FEMALE child,,,,,Moderate preference to a MALE child,,,,,NOT interested,,,,NOT interested,,,,NOT interested,,,,No gender preference,,,,,22,221010,Female,
10/4/2020 13:19:10,High preference to a MALE child,,,,,Medium,,,,Very high,,,,High preference to a FEMALE child,,,,,Very high preference to a MALE child,,,,,Low,,,,High,,,,Very Low,,,,Very high preference to a MALE child,,,,,21,221005,Female,
10/4/2020 13:22:51,High preference to a MALE child,,,,,Medium,,,,High,,,,Moderate preference to a FEMALE child,,,,,Very high preference to a MALE child,,,,,Very Low,,,,High,,,,NOT interested,,,,Very high preference to a MALE child,,,,,22,221010,Female,
10/4/2020 13:25:14,Very high preference to a MALE child,,,,,Medium,,,,Very high,,,,No gender preference,,,,,Very high preference to a MALE child,,,,,Low,,,,Very High,,,,Low,,,,Very high preference to a MALE child,,,,,22,221002,Female,
10/4/2020 13:45:22,Moderate preference to a FEMALE child,,,,,Very low,,,,Very Low,,,,Very high preference to a MALE child,,,,,Very high preference to a MALE child,,,,,NOT interested,,,,NOT interested,,,,NOT interested,,,,Moderate preference to a MALE child,,,,,19,273165,Female,
10/4/2020 13:48:06,Very high preference to a MALE child,,,,,Medium,,,,Very high,,,,Moderate preference to a MALE child,,,,,Very high preference to a MALE child,,,,,Medium,,,,Very High,,,,Low,,,,Very high preference to a MALE child,,,,,1994,209651,Male,
10/4/2020 13:49:47,Very high preference to a MALE child,,,,,Medium,,,,Very high,,,,No gender preference,,,,,Very high preference to a MALE child,,,,,Low,,,,Very High,,,,NOT interested,,,,Very high preference to a MALE child,,,,,22,221106,Female,
10/4/2020 13:56:53,Very high preference to a MALE child,,,,,Very low,,,,Very high,,,,Very high preference to a MALE child,,,,,Very high preference to a MALE child,,,,,Very Low,,,,Very High,,,,NOT interested,,,,Very high preference to a MALE child,,,,,20,713304,Female,
10/4/2020 13:57:19,Very high preference to a MALE child,,,,,Medium,,,,Very high,,,,No gender preference,,,,,Very high preference to a MALE child,,,,,Very high,,,,Very High,,,,Very Low,,,,High preference to a FEMALE child,,,,,19,484224,Female,
10/4/2020 13:58:08,High preference to a MALE child,,,,,High,,,,Very high,,,,Moderate preference to a FEMALE child,,,,,Very high preference to a MALE child,,,,,Medium,,,,Very High,,,,Low,,,,Very high preference to a MALE child,,,,,20,225001,Female,
10/4/2020 13:59:55,Moderate preference to a FEMALE child,,,,,Medium,,,,Medium,,,,High preference to a MALE child,,,,,Moderate preference to a FEMALE child,,,,,Medium,,,,Medium,,,,Medium,,,,High preference to a FEMALE child,,,,,22,221010,Female,
10/4/2020 14:05:06,NO gender preference,,,,,Medium,,,,Medium,,,,No gender preference,,,,,No gender preference,,,,,NOT interested,,,,NOT interested,,,,NOT interested,,,,No gender preference,,,,,20,221002,Female,
10/4/2020 14:06:18,High preference to a MALE child,,,,,High,,,,Very high,,,,No gender preference,,,,,High preference to a MALE child,,,,,Medium,,,,High,,,,Medium,,,,Very high preference to a MALE child,,,,,22,221001,Female,
10/4/2020 14:07:11,NO gender preference,,,,,Medium,,,,Medium,,,,No gender preference,,,,,No gender preference,,,,,NOT interested,,,,NOT interested,,,,NOT interested,,,,No gender preference,,,,,20,221004,Female,
10/4/2020 14:09:29,High preference to a MALE child,,,,,Medium,,,,High,,,,No gender preference,,,,,High preference to a MALE child,,,,,NOT interested,,,,Medium,,,,Very Low,,,,Moderate preference to a MALE child,,,,,21,221010,Female,
10/4/2020 14:14:27,NO gender preference,,,,,Low,,,,Medium,,,,No gender preference,,,,,High preference to a MALE child,,,,,NOT interested,,,,High,,,,Low,,,,High preference to a MALE child,,,,,22,831001,Female,
10/4/2020 14:16:58,Very high preference to a MALE child,,,,,Medium,,,,Very high,,,,Moderate preference to a MALE child,,,,,Very high preference to a MALE child,,,,,NOT interested,,,,High,,,,NOT interested,,,,Very high preference to a MALE child,,,,,20,821113,Female,
10/4/2020 14:18:42,NO gender preference,,,,,Medium,,,,Very high,,,,No gender preference,,,,,Very high preference to a MALE child,,,,,Medium,,,,Very High,,,,Very Low,,,,Very high preference to a MALE child,,,,,20,488001,Female,
10/4/2020 14:21:26,Very high preference to a MALE child,,,,,Medium,,,,Very high,,,,High preference to a MALE child,,,,,Very high preference to a MALE child,,,,,Low,,,,Very High,,,,Medium,,,,Very high preference to a MALE child,,,,,21,,Female,
10/4/2020 14:21:56,Moderate preference to a MALE child,,,,,Medium,,,,Very high,,,,No gender preference,,,,,Very high preference to a MALE child,,,,,Very Low,,,,High,,,,Very Low,,,,Very high preference to a MALE child,,,,,20,221003,Female,
10/4/2020 14:27:40,Very high preference to a MALE child,,,,,Medium,,,,Very high,,,,No gender preference,,,,,Very high preference to a MALE child,,,,,Very Low,,,,Very High,,,,Very Low,,,,Very high preference to a MALE child,,,,,21,222161,Female,
10/4/2020 14:30:14,Very high preference to a MALE child,,,,,Very low,,,,Very high,,,,High preference to a MALE child,,,,,Very high preference to a MALE child,,,,,NOT interested,,,,Very High,,,,Medium,,,,Very high preference to a MALE child,,,,,19,221005,Female,
10/4/2020 14:30:34,High preference to a MALE child,,,,,Medium,,,,High,,,,No gender preference,,,,,Moderate preference to a MALE child,,,,,Very Low,,,,High,,,,NOT interested,,,,Very high preference to a MALE child,,,,,37,303002,Female,
10/4/2020 14:31:23,NO gender preference,,,,,High,,,,High,,,,High preference to a FEMALE child,,,,,High preference to a MALE child,,,,,Very Low,,,,Very Low,,,,Very Low,,,,High preference to a MALE child,,,,,21,221002,Male,
10/4/2020 14:43:02,Moderate preference to a MALE child,,,,,Medium,,,,High,,,,Moderate preference to a FEMALE child,,,,,High preference to a MALE child,,,,,Low,,,,High,,,,Very Low,,,,Very high preference to a MALE child,,,,,19,221004,Female,
10/4/2020 14:46:52,Very high preference to a MALE child,,,,,Low,,,,Very high,,,,High preference to a FEMALE child,,,,,Very high preference to a MALE child,,,,,NOT interested,,,,Very High,,,,NOT interested,,,,Very high preference to a MALE child,,,,,20,221005,Female,
10/4/2020 14:47:58,Moderate preference to a MALE child,,,,,Very high,,,,Very high,,,,Very high preference to a FEMALE child,,,,,Very high preference to a MALE child,,,,,Very Low,,,,Very Low,,,,NOT interested,,,,Very high preference to a MALE child,,,,,22,845438,Male,
10/4/2020 15:00:59,Very high preference to a MALE child,,,,,Low,,,,Very high,,,,Moderate preference to a FEMALE child,,,,,Very high preference to a MALE child,,,,,Very Low,,,,Very High,,,,Very Low,,,,Very high preference to a MALE child,,,,,19,211011,Female,
10/4/2020 15:04:04,Moderate preference to a MALE child,,,,,Medium,,,,Very high,,,,High preference to a FEMALE child,,,,,Very high preference to a MALE child,,,,,Low,,,,Very High,,,,Very Low,,,,Very high preference to a MALE child,,,,,24,222142,Female,
10/4/2020 15:10:09,Moderate preference to a MALE child,,,,,High,,,,Very high,,,,Moderate preference to a FEMALE child,,,,,Very high preference to a MALE child,,,,,High,,,,Very High,,,,Low,,,,Very high preference to a MALE child,,,,,20,834005,Female,
10/4/2020 15:21:47,High preference to a MALE child,,,,,Very high,,,,Very high,,,,High preference to a FEMALE child,,,,,Very high preference to a MALE child,,,,,High,,,,Very High,,,,Low,,,,Very high preference to a MALE child,,,,,21,802219,Female,
10/4/2020 15:31:47,Moderate preference to a MALE child,,,,,Medium,,,,High,,,,Moderate preference to a MALE child,,,,,High preference to a MALE child,,,,,Low,,,,High,,,,Medium,,,,No gender preference,,,,,21,221303,Male,
10/4/2020 15:34:00,High preference to a MALE child,,,,,Medium,,,,Very high,,,,No gender preference,,,,,Very high preference to a MALE child,,,,,Low,,,,High,,,,Very Low,,,,Very high preference to a MALE child,,,,,18,803116,Female,
10/4/2020 16:14:24,NO gender preference,,,,,Medium,,,,Medium,,,,No gender preference,,,,,No gender preference,,,,,NOT interested,,,,NOT interested,,,,NOT interested,,,,No gender preference,,,,,38,247776,Male,
10/4/2020 16:18:51,High preference to a MALE child,,,,,Medium,,,,Very high,,,,Moderate preference to a FEMALE child,,,,,High preference to a MALE child,,,,,Very high,,,,Medium,,,,Medium,,,,High preference to a MALE child,,,,,24,233001,Male,
10/4/2020 17:03:17,High preference to a MALE child,,,,,Medium,,,,Very high,,,,Moderate preference to a FEMALE child,,,,,Moderate preference to a MALE child,,,,,Medium,,,,Medium,,,,Medium,,,,Very high preference to a MALE child,,,,,27,834009,Female,
10/4/2020 17:05:24,Moderate preference to a MALE child,,,,,Medium,,,,High,,,,Very high preference to a FEMALE child,,,,,Very high preference to a MALE child,,,,,NOT interested,,,,Very Low,,,,NOT interested,,,,Very high preference to a MALE child,,,,,21,221010,Male,
10/4/2020 17:08:54,Very high preference to a MALE child,,,,,Medium,,,,Very high,,,,No gender preference,,,,,Very high preference to a MALE child,,,,,Very Low,,,,Very High,,,,NOT interested,,,,Very high preference to a MALE child,,,,,22,231305,Female,
10/4/2020 17:27:36,Very high preference to a MALE child,,,,,Low,,,,High,,,,No gender preference,,,,,Very high preference to a MALE child,,,,,Very Low,,,,Very High,,,,Very Low,,,,Very high preference to a MALE child,,,,,23,221005,Female,
10/4/2020 17:38:31,NO gender preference,,,,,Medium,,,,Medium,,,,High preference to a FEMALE child,,,,,Moderate preference to a MALE child,,,,,NOT interested,,,,NOT interested,,,,NOT interested,,,,Very high preference to a MALE child,,,,,20,222101,Female,
10/4/2020 18:11:16,Very high preference to a MALE child,,,,,Very low,,,,Very high,,,,Moderate preference to a FEMALE child,,,,,Very high preference to a MALE child,,,,,NOT interested,,,,High,,,,NOT interested,,,,Very high preference to a MALE child,,,,,1999,221107,Female,
10/4/2020 18:12:35,Very high preference to a MALE child,,,,,High,,,,Very high,,,,High preference to a FEMALE child,,,,,Very high preference to a MALE child,,,,,Very Low,,,,Very High,,,,Low,,,,Very high preference to a MALE child,,,,,26,470335,Male,
10/4/2020 18:54:55,NO gender preference,,,,,Medium,,,,Very high,,,,No gender preference,,,,,No gender preference,,,,,Very Low,,,,Medium,,,,NOT interested,,,,No gender preference,,,,,18,201012,Female,
10/4/2020 19:11:46,Very high preference to a MALE child,,,,,High,,,,Very high,,,,High preference to a FEMALE child,,,,,Very high preference to a MALE child,,,,,Very Low,,,,Very High,,,,Very Low,,,,Very high preference to a MALE child,,,,,21,232101,Female,
10/4/2020 20:06:53,Very high preference to a FEMALE child,,,,,Very high,,,,Medium,,,,Very high preference to a FEMALE child,,,,,Moderate preference to a MALE child,,,,,Very Low,,,,Very Low,,,,NOT interested,,,,High preference to a MALE child,,,,,21,226002,Male,
10/4/2020 20:20:57,High preference to a MALE child,,,,,Medium,,,,Very high,,,,High preference to a MALE child,,,,,Very high preference to a MALE child,,,,,Medium,,,,Very High,,,,NOT interested,,,,Very high preference to a MALE child,,,,,,,Male,
10/4/2020 20:30:22,Very high preference to a MALE child,,,,,High,,,,Very high,,,,High preference to a FEMALE child,,,,,Very high preference to a MALE child,,,,,Medium,,,,Very High,,,,Low,,,,Very high preference to a MALE child,,,,,25,222136,Male,
10/4/2020 20:36:12,High preference to a MALE child,,,,,Medium,,,,High,,,,No gender preference,,,,,High preference to a MALE child,,,,,Low,,,,Very High,,,,Medium,,,,High preference to a MALE child,,,,,22,800020,Female,
10/4/2020 20:37:33,Very high preference to a MALE child,,,,,High,,,,Very high,,,,Moderate preference to a MALE child,,,,,Very high preference to a MALE child,,,,,Low,,,,High,,,,Very Low,,,,Very high preference to a MALE child,,,,,24,277202,Male,
10/4/2020 21:28:12,High preference to a MALE child,,,,,Medium,,,,Very high,,,,Moderate preference to a FEMALE child,,,,,Moderate preference to a MALE child,,,,,Medium,,,,Medium,,,,Medium,,,,Very high preference to a MALE child,,,,,27,834009,Female,
10/4/2020 21:40:25,Very high preference to a MALE child,,,,,High,,,,Very high,,,,Moderate preference to a FEMALE child,,,,,Very high preference to a MALE child,,,,,Low,,,,Very High,,,,Low,,,,Very high preference to a MALE child,,,,,18,232101,Female,
10/4/2020 21:41:17,High preference to a MALE child,,,,,High,,,,Very high,,,,Moderate preference to a FEMALE child,,,,,Very high preference to a MALE child,,,,,Medium,,,,High,,,,Low,,,,Very high preference to a MALE child,,,,,19,276001,Female,
10/4/2020 22:27:13,High preference to a MALE child,,,,,NOT interested,,,,Very high,,,,No gender preference,,,,,High preference to a MALE child,,,,,NOT interested,,,,Very High,,,,NOT interested,,,,Very high preference to a MALE child,,,,,22,226016,Male,
10/4/2020 22:28:13,NO gender preference,,,,,Very high,,,,High,,,,No gender preference,,,,,High preference to a MALE child,,,,,Medium,,,,Low,,,,NOT interested,,,,Moderate preference to a MALE child,,,,,22,221010,Male,
10/4/2020 22:34:00,High preference to a MALE child,,,,,Medium,,,,High,,,,Moderate preference to a FEMALE child,,,,,Very high preference to a MALE child,,,,,Very Low,,,,Very High,,,,Very Low,,,,Very high preference to a MALE child,,,,,22,221005,Male,
10/4/2020 22:48:55,High preference to a MALE child,,,,,High,,,,Very high,,,,No gender preference,,,,,Very high preference to a MALE child,,,,,Medium,,,,Very High,,,,Medium,,,,Very high preference to a MALE child,,,,,33,262724,Male,
10/4/2020 22:52:11,Moderate preference to a MALE child,,,,,Medium,,,,High,,,,No gender preference,,,,,High preference to a MALE child,,,,,Medium,,,,High,,,,Low,,,,Very high preference to a MALE child,,,,,19,486001,Female,
10/4/2020 23:21:01,Very high preference to a MALE child,,,,,Very high,,,,Very high,,,,Moderate preference to a MALE child,,,,,Very high preference to a MALE child,,,,,High,,,,Very High,,,,Medium,,,,Very high preference to a MALE child,,,,,27,262724,Female,
10/5/2020 0:13:05,Moderate preference to a MALE child,,,,,High,,,,Very high,,,,Moderate preference to a MALE child,,,,,High preference to a MALE child,,,,,Low,,,,Low,,,,Very Low,,,,High preference to a MALE child,,,,,28,452012,Male,
10/5/2020 7:16:54,Very high preference to a MALE child,,,,,Medium,,,,Very high,,,,High preference to a FEMALE child,,,,,Very high preference to a MALE child,,,,,Very Low,,,,Very High,,,,Low,,,,Very high preference to a MALE child,,,,,33,462030,Male,
10/5/2020 7:41:15,High preference to a FEMALE child,,,,,High,,,,High,,,,No gender preference,,,,,Very high preference to a MALE child,,,,,Low,,,,Very High,,,,NOT interested,,,,No gender preference,,,,,23,110012,Male,
10/5/2020 7:54:20,High preference to a MALE child,,,,,Low,,,,Very high,,,,Moderate preference to a FEMALE child,,,,,Very high preference to a MALE child,,,,,Very Low,,,,Medium,,,,NOT interested,,,,Very high preference to a MALE child,,,,,21,276302,Male,
10/5/2020 8:18:46,High preference to a MALE child,,,,,Medium,,,,High,,,,Very high preference to a FEMALE child,,,,,Very high preference to a MALE child,,,,,Very Low,,,,Medium,,,,Very Low,,,,Very high preference to a MALE child,,,,,22,226028,Male,
10/5/2020 8:21:48,Very high preference to a MALE child,,,,,Very low,,,,Very high,,,,No gender preference,,,,,Very high preference to a MALE child,,,,,NOT interested,,,,Very High,,,,Very Low,,,,Very high preference to a MALE child,,,,,20,241303,Male,
10/5/2020 8:23:51,NO gender preference,,,,,High,,,,Very high,,,,Moderate preference to a FEMALE child,,,,,Very high preference to a MALE child,,,,,Low,,,,Very High,,,,NOT interested,,,,No gender preference,,,,,21,245101,Male,
10/5/2020 8:38:59,NO gender preference,,,,,Very high,,,,Very high,,,,No gender preference,,,,,No gender preference,,,,,NOT interested,,,,NOT interested,,,,NOT interested,,,,No gender preference,,,,,23,700033,Male,
10/5/2020 8:46:23,NO gender preference,,,,,High,,,,High,,,,Very high preference to a FEMALE child,,,,,Very high preference to a MALE child,,,,,NOT interested,,,,NOT interested,,,,NOT interested,,,,Very high preference to a MALE child,,,,,22,465691,Male,
10/5/2020 8:54:05,NO gender preference,,,,,NOT interested,,,,NOT interested,,,,No gender preference,,,,,No gender preference,,,,,NOT interested,,,,Very Low,,,,NOT interested,,,,Moderate preference to a MALE child,,,,,20,275101,Female,
10/5/2020 9:17:17,High preference to a MALE child,,,,,High,,,,Very high,,,,High preference to a MALE child,,,,,Very high preference to a MALE child,,,,,Very Low,,,,Very High,,,,Low,,,,Very high preference to a MALE child,,,,,23,221005,Female,
10/5/2020 9:41:50,Very high preference to a MALE child,,,,,Low,,,,Very high,,,,Moderate preference to a FEMALE child,,,,,High preference to a MALE child,,,,,High,,,,Very High,,,,Low,,,,Moderate preference to a MALE child,,,,,21,221001,Female,
10/5/2020 10:16:48,High preference to a MALE child,,,,,High,,,,Very high,,,,No gender preference,,,,,High preference to a MALE child,,,,,Medium,,,,High,,,,Low,,,,Very high preference to a MALE child,,,,,20,811310,Male,
10/5/2020 10:21:57,Very high preference to a MALE child,,,,,Medium,,,,Very high,,,,Moderate preference to a FEMALE child,,,,,Very high preference to a MALE child,,,,,Very Low,,,,Very High,,,,Very Low,,,,Very high preference to a MALE child,,,,,,,Male,
10/5/2020 13:22:55,Very high preference to a MALE child,,,,,Medium,,,,Very high,,,,High preference to a FEMALE child,,,,,Very high preference to a MALE child,,,,,Low,,,,Very High,,,,Very Low,,,,Very high preference to a MALE child,,,,,21,261005,Male,